GAME_DATE,MATCHUP,WL,MIN,PTS,REB,AST,STL,BLK,TOV,PERIOD,GAMES_FROM_RETURN,INJURY_DATE,PTS_ROLLING_AVG,REB_ROLLING_AVG,AST_ROLLING_AVG,STL_ROLLING_AVG,BLK_ROLLING_AVG,TOV_ROLLING_AVG,PLAYER,TEAM,INJURY_SEASON,INJURY_TYPE
2024-10-23,CHA @ HOU,W,25,8,4,1,1,1,2,Before,-16,2024-11-23,8.0,4.0,1.0,1.0,1.0,2.0,Grant Williams,CHA,2024-25,ACL
2024-10-25,CHA @ ATL,L,29,9,4,6,1,0,1,Before,-15,2024-11-23,8.5,4.0,3.5,1.0,0.5,1.5,Grant Williams,CHA,2024-25,ACL
2024-10-26,CHA vs. MIA,L,19,7,2,1,1,0,2,Before,-14,2024-11-23,8.0,3.3333333333333335,2.6666666666666665,1.0,0.3333333333333333,1.6666666666666667,Grant Williams,CHA,2024-25,ACL
2024-10-30,CHA vs. TOR,W,23,17,2,5,2,0,2,Before,-13,2024-11-23,10.25,3.0,3.25,1.25,0.25,1.75,Grant Williams,CHA,2024-25,ACL
2024-11-01,CHA vs. BOS,L,30,6,7,3,1,1,2,Before,-12,2024-11-23,9.4,3.8,3.2,1.2,0.4,1.8,Grant Williams,CHA,2024-25,ACL
2024-11-02,CHA vs. BOS,L,34,5,3,2,0,0,0,Before,-11,2024-11-23,8.8,3.6,3.4,1.0,0.2,1.4,Grant Williams,CHA,2024-25,ACL
2024-11-04,CHA @ MIN,L,22,5,3,1,2,0,1,Before,-10,2024-11-23,8.0,3.4,2.4,1.2,0.2,1.4,Grant Williams,CHA,2024-25,ACL
2024-11-06,CHA vs. DET,W,27,12,7,2,2,1,3,Before,-9,2024-11-23,9.0,4.4,2.6,1.4,0.4,1.6,Grant Williams,CHA,2024-25,ACL
2024-11-08,CHA vs. IND,W,31,8,9,1,1,1,3,Before,-8,2024-11-23,7.2,5.8,1.8,1.2,0.6,1.8,Grant Williams,CHA,2024-25,ACL
2024-11-10,CHA @ PHI,L,38,17,4,2,2,3,3,Before,-7,2024-11-23,9.4,5.2,1.6,1.4,1.0,2.0,Grant Williams,CHA,2024-25,ACL
2024-11-12,CHA @ ORL,L,31,15,4,1,2,0,2,Before,-6,2024-11-23,11.4,5.4,1.4,1.8,1.0,2.4,Grant Williams,CHA,2024-25,ACL
2024-11-16,CHA vs. MIL,W,30,6,7,2,0,1,0,Before,-5,2024-11-23,11.6,6.2,1.6,1.4,1.2,2.2,Grant Williams,CHA,2024-25,ACL
2024-11-17,CHA @ CLE,L,35,15,9,3,1,0,1,Before,-4,2024-11-23,12.2,6.6,1.8,1.2,1.0,1.8,Grant Williams,CHA,2024-25,ACL
2024-11-19,CHA @ BKN,L,33,16,7,4,0,3,3,Before,-3,2024-11-23,13.8,6.2,2.4,1.0,1.4,1.8,Grant Williams,CHA,2024-25,ACL
2024-11-21,CHA vs. DET,W,40,12,3,1,1,1,2,Before,-2,2024-11-23,12.8,6.0,2.2,0.8,1.0,1.6,Grant Williams,CHA,2024-25,ACL
2024-11-23,CHA @ MIL,L,32,8,7,2,1,1,1,Before,-1,2024-11-23,11.4,6.6,2.4,0.6,1.2,1.4,Grant Williams,CHA,2024-25,ACL
2026-01-10,CHA @ UTA,W,14,9,8,0,0,0,0,After,1,2024-11-23,9.0,8.0,0.0,0.0,0.0,0.0,Grant Williams,CHA,2024-25,ACL
2026-01-12,CHA @ LAC,L,13,7,2,0,0,0,0,After,2,2024-11-23,8.0,5.0,0.0,0.0,0.0,0.0,Grant Williams,CHA,2024-25,ACL
2026-01-15,CHA @ LAL,W,13,3,3,0,0,1,0,After,3,2024-11-23,6.333333333333333,4.333333333333333,0.0,0.0,0.3333333333333333,0.0,Grant Williams,CHA,2024-25,ACL
2026-01-17,CHA @ GSW,L,18,7,0,2,1,1,1,After,4,2024-11-23,6.5,3.25,0.5,0.25,0.5,0.25,Grant Williams,CHA,2024-25,ACL
2026-01-21,CHA vs. CLE,L,25,0,5,4,3,0,1,After,5,2024-11-23,5.2,3.6,1.2,0.8,0.4,0.4,Grant Williams,CHA,2024-25,ACL
2026-01-24,CHA vs. WAS,W,19,2,1,1,1,0,1,After,6,2024-11-23,3.8,2.2,1.4,1.0,0.4,0.6,Grant Williams,CHA,2024-25,ACL
2026-01-26,CHA vs. PHI,W,17,9,5,0,0,0,1,After,7,2024-11-23,4.2,2.8,1.4,1.0,0.4,0.8,Grant Williams,CHA,2024-25,ACL
2026-01-28,CHA @ MEM,W,20,2,3,1,0,0,1,After,8,2024-11-23,4.0,2.8,1.6,1.0,0.2,1.0,Grant Williams,CHA,2024-25,ACL
2026-01-31,CHA vs. SAS,W,18,3,4,2,0,0,0,After,9,2024-11-23,3.2,3.6,1.6,0.8,0.0,0.8,Grant Williams,CHA,2024-25,ACL
2026-02-02,CHA vs. NOP,W,20,16,9,1,0,0,1,After,10,2024-11-23,6.4,4.4,1.0,0.2,0.0,0.8,Grant Williams,CHA,2024-25,ACL
2026-02-05,CHA @ HOU,W,16,2,3,0,0,0,1,After,11,2024-11-23,6.4,4.8,0.8,0.0,0.0,0.8,Grant Williams,CHA,2024-25,ACL
2026-02-07,CHA @ ATL,W,16,11,3,1,0,0,0,After,12,2024-11-23,6.8,4.4,1.0,0.0,0.0,0.6,Grant Williams,CHA,2024-25,ACL
2026-02-09,CHA vs. DET,L,25,12,2,5,1,1,1,After,13,2024-11-23,8.8,4.2,1.8,0.2,0.2,0.6,Grant Williams,CHA,2024-25,ACL
2026-02-11,CHA vs. ATL,W,32,7,8,5,0,1,2,After,14,2024-11-23,9.6,5.0,2.4,0.2,0.4,1.0,Grant Williams,CHA,2024-25,ACL
2026-02-19,CHA vs. HOU,L,29,20,9,1,0,0,2,After,15,2024-11-23,10.4,5.0,2.4,0.2,0.4,1.2,Grant Williams,CHA,2024-25,ACL
2026-02-22,CHA @ WAS,W,26,5,4,5,0,2,2,After,16,2024-11-23,11.0,5.2,3.4,0.2,0.8,1.4,Grant Williams,CHA,2024-25,ACL
2026-02-24,CHA @ CHI,W,19,11,4,2,0,0,1,After,17,2024-11-23,11.0,5.4,3.6,0.2,0.8,1.6,Grant Williams,CHA,2024-25,ACL
2026-02-26,CHA @ IND,W,23,9,4,2,0,1,0,After,18,2024-11-23,10.4,5.8,3.0,0.0,0.8,1.4,Grant Williams,CHA,2024-25,ACL
2026-02-28,CHA vs. POR,W,14,0,3,1,1,0,1,After,19,2024-11-23,9.0,4.8,2.2,0.2,0.6,1.2,Grant Williams,CHA,2024-25,ACL
2026-03-03,CHA vs. DAL,W,21,12,4,3,1,0,0,After,20,2024-11-23,7.4,3.8,2.6,0.4,0.6,0.8,Grant Williams,CHA,2024-25,ACL
2026-03-06,CHA vs. MIA,L,19,12,6,4,0,0,0,After,21,2024-11-23,8.8,4.2,2.4,0.4,0.2,0.4,Grant Williams,CHA,2024-25,ACL
2026-03-08,CHA @ PHX,L,19,10,2,2,1,0,1,After,22,2024-11-23,8.6,3.8,2.4,0.6,0.2,0.4,Grant Williams,CHA,2024-25,ACL
2026-03-10,CHA @ POR,W,14,3,1,1,2,0,3,After,23,2024-11-23,7.4,3.2,2.2,1.0,0.0,1.0,Grant Williams,CHA,2024-25,ACL
2026-03-14,CHA @ SAS,L,22,6,3,1,0,4,1,After,24,2024-11-23,8.6,3.2,2.2,0.8,0.8,1.0,Grant Williams,CHA,2024-25,ACL
2026-03-17,CHA vs. MIA,W,19,8,2,2,0,0,1,After,25,2024-11-23,7.8,2.8,2.0,0.6,0.8,1.2,Grant Williams,CHA,2024-25,ACL
2026-03-19,CHA vs. ORL,W,17,0,3,0,0,0,3,After,26,2024-11-23,5.4,2.2,1.2,0.6,0.8,1.8,Grant Williams,CHA,2024-25,ACL
2026-03-21,CHA vs. MEM,W,19,5,4,0,0,0,0,After,27,2024-11-23,4.4,2.6,0.8,0.4,0.8,1.6,Grant Williams,CHA,2024-25,ACL
2026-03-24,CHA vs. SAC,W,17,0,3,2,0,1,0,After,28,2024-11-23,3.8,3.0,1.0,0.0,1.0,1.0,Grant Williams,CHA,2024-25,ACL
2026-03-26,CHA vs. NYK,W,15,5,1,1,0,1,2,After,29,2024-11-23,3.6,2.6,1.0,0.0,0.4,1.2,Grant Williams,CHA,2024-25,ACL
2026-03-28,CHA vs. PHI,L,25,9,8,0,0,0,2,After,30,2024-11-23,3.8,3.8,0.6,0.0,0.4,1.4,Grant Williams,CHA,2024-25,ACL
2026-03-31,CHA @ BKN,W,20,10,2,2,0,0,0,After,31,2024-11-23,5.8,3.6,1.0,0.0,0.4,0.8,Grant Williams,CHA,2024-25,ACL
2026-04-02,CHA vs. PHX,W,21,10,7,2,0,0,1,After,32,2024-11-23,6.8,4.2,1.4,0.0,0.4,1.0,Grant Williams,CHA,2024-25,ACL
2026-04-05,CHA @ MIN,W,19,8,4,1,2,1,0,After,33,2024-11-23,8.4,4.4,1.2,0.4,0.4,1.0,Grant Williams,CHA,2024-25,ACL
2026-04-07,CHA @ BOS,L,26,9,2,0,0,2,1,After,34,2024-11-23,9.2,4.6,1.0,0.4,0.6,0.8,Grant Williams,CHA,2024-25,ACL
2026-04-10,CHA vs. DET,L,22,2,4,0,4,1,0,After,35,2024-11-23,7.8,3.8,1.0,1.2,0.8,0.4,Grant Williams,CHA,2024-25,ACL
2026-04-12,CHA @ NYK,W,21,8,6,2,0,1,0,After,36,2024-11-23,7.4,4.6,1.0,1.2,1.0,0.4,Grant Williams,CHA,2024-25,ACL
2024-10-23,GSW @ POR,W,19,11,2,4,3,0,1,Before,-6,2024-11-12,11.0,2.0,4.0,3.0,0.0,1.0,De'Anthony Melton,GSW,2024-25,ACL
2024-10-25,GSW @ UTA,W,14,0,1,4,0,1,2,Before,-5,2024-11-12,5.5,1.5,4.0,1.5,0.5,1.5,De'Anthony Melton,GSW,2024-25,ACL
2024-10-27,GSW vs. LAC,L,17,8,1,0,0,1,0,Before,-4,2024-11-12,6.333333333333333,1.3333333333333333,2.6666666666666665,1.0,0.6666666666666666,1.0,De'Anthony Melton,GSW,2024-25,ACL
2024-11-08,GSW @ CLE,L,18,10,2,3,0,0,1,Before,-3,2024-11-12,7.25,1.5,2.75,0.75,0.5,1.0,De'Anthony Melton,GSW,2024-25,ACL
2024-11-10,GSW @ OKC,W,27,19,10,2,3,0,4,Before,-2,2024-11-12,9.6,3.2,2.6,1.2,0.4,1.6,De'Anthony Melton,GSW,2024-25,ACL
2024-11-12,GSW vs. DAL,W,26,14,4,4,1,0,2,Before,-1,2024-11-12,10.2,3.6,2.6,0.8,0.4,1.8,De'Anthony Melton,GSW,2024-25,ACL
2025-12-04,GSW @ PHI,L,21,14,1,3,2,1,1,After,1,2024-11-12,14.0,1.0,3.0,2.0,1.0,1.0,De'Anthony Melton,GSW,2024-25,ACL
2025-12-07,GSW @ CHI,W,17,13,1,1,2,0,3,After,2,2024-11-12,13.5,1.0,2.0,2.0,0.5,2.0,De'Anthony Melton,GSW,2024-25,ACL
2025-12-12,GSW vs. MIN,L,20,9,2,1,1,0,1,After,3,2024-11-12,12.0,1.3333333333333333,1.6666666666666667,1.6666666666666667,0.3333333333333333,1.6666666666666667,De'Anthony Melton,GSW,2024-25,ACL
2025-12-14,GSW @ POR,L,19,0,1,1,2,1,1,After,4,2024-11-12,9.0,1.25,1.5,1.75,0.5,1.5,De'Anthony Melton,GSW,2024-25,ACL
2025-12-18,GSW @ PHX,L,15,2,0,2,2,0,2,After,5,2024-11-12,7.6,1.0,1.6,1.8,0.4,1.6,De'Anthony Melton,GSW,2024-25,ACL
2025-12-20,GSW vs. PHX,W,16,2,2,5,1,2,2,After,6,2024-11-12,5.2,1.2,2.0,1.6,0.6,1.8,De'Anthony Melton,GSW,2024-25,ACL
2025-12-22,GSW vs. ORL,W,16,4,0,1,2,0,0,After,7,2024-11-12,3.4,1.0,2.0,1.6,0.6,1.2,De'Anthony Melton,GSW,2024-25,ACL
2025-12-25,GSW vs. DAL,W,24,16,3,3,1,1,0,After,8,2024-11-12,4.8,1.2,2.4,1.6,0.8,1.0,De'Anthony Melton,GSW,2024-25,ACL
2025-12-29,GSW @ BKN,W,24,10,8,1,2,1,1,After,9,2024-11-12,6.8,2.6,2.4,1.6,0.8,1.0,De'Anthony Melton,GSW,2024-25,ACL
2025-12-31,GSW @ CHA,W,23,7,3,2,2,0,3,After,10,2024-11-12,7.8,3.2,2.4,1.6,0.8,1.2,De'Anthony Melton,GSW,2024-25,ACL
2026-01-03,GSW vs. UTA,W,25,13,7,2,2,0,1,After,11,2024-11-12,10.0,4.2,1.8,1.8,0.4,1.0,De'Anthony Melton,GSW,2024-25,ACL
2026-01-05,GSW @ LAC,L,25,5,2,1,2,1,2,After,12,2024-11-12,10.2,4.6,1.8,1.8,0.6,1.4,De'Anthony Melton,GSW,2024-25,ACL
2026-01-07,GSW vs. MIL,W,25,22,3,0,1,0,1,After,13,2024-11-12,11.4,4.6,1.2,1.8,0.4,1.6,De'Anthony Melton,GSW,2024-25,ACL
2026-01-09,GSW vs. SAC,W,19,19,0,1,0,0,1,After,14,2024-11-12,13.2,3.0,1.2,1.4,0.2,1.6,De'Anthony Melton,GSW,2024-25,ACL
2026-01-11,GSW vs. ATL,L,23,10,5,3,1,1,2,After,15,2024-11-12,13.8,3.4,1.4,1.2,0.4,1.4,De'Anthony Melton,GSW,2024-25,ACL
2026-01-13,GSW vs. POR,W,18,23,2,1,0,0,0,After,16,2024-11-12,15.8,2.4,1.2,0.8,0.4,1.2,De'Anthony Melton,GSW,2024-25,ACL
2026-01-15,GSW vs. NYK,W,23,5,2,2,1,2,1,After,17,2024-11-12,15.8,2.4,1.4,0.6,0.6,1.0,De'Anthony Melton,GSW,2024-25,ACL
2026-01-17,GSW vs. CHA,W,21,24,6,3,1,0,1,After,18,2024-11-12,16.2,3.0,2.0,0.6,0.6,1.0,De'Anthony Melton,GSW,2024-25,ACL
2026-01-20,GSW vs. TOR,L,20,6,3,5,1,0,5,After,19,2024-11-12,13.6,3.6,2.8,0.8,0.6,1.8,De'Anthony Melton,GSW,2024-25,ACL
2026-01-22,GSW @ DAL,L,23,22,3,2,2,1,1,After,20,2024-11-12,16.0,3.2,2.6,1.0,0.6,1.6,De'Anthony Melton,GSW,2024-25,ACL
2026-01-25,GSW @ MIN,W,21,12,3,4,1,0,3,After,21,2024-11-12,13.8,3.4,3.2,1.2,0.6,2.2,De'Anthony Melton,GSW,2024-25,ACL
2026-01-28,GSW @ UTA,W,23,12,2,2,4,0,3,After,22,2024-11-12,15.2,3.4,3.2,1.8,0.2,2.6,De'Anthony Melton,GSW,2024-25,ACL
2026-01-30,GSW vs. DET,L,26,18,5,3,2,0,2,After,23,2024-11-12,14.0,3.2,3.2,2.0,0.2,2.8,De'Anthony Melton,GSW,2024-25,ACL
2026-02-03,GSW vs. PHI,L,24,10,6,6,1,0,2,After,24,2024-11-12,14.8,3.8,3.4,2.0,0.2,2.2,De'Anthony Melton,GSW,2024-25,ACL
2026-02-05,GSW @ PHX,W,25,17,2,1,3,0,2,After,25,2024-11-12,13.8,3.6,3.2,2.2,0.0,2.4,De'Anthony Melton,GSW,2024-25,ACL
2026-02-07,GSW @ LAL,L,24,5,0,1,5,0,3,After,26,2024-11-12,12.4,3.0,2.6,3.0,0.0,2.4,De'Anthony Melton,GSW,2024-25,ACL
2026-02-09,GSW vs. MEM,W,25,10,3,2,0,0,2,After,27,2024-11-12,12.0,3.2,2.6,2.2,0.0,2.2,De'Anthony Melton,GSW,2024-25,ACL
2026-02-11,GSW vs. SAS,L,25,17,3,7,0,0,2,After,28,2024-11-12,11.8,2.8,3.4,1.8,0.0,2.2,De'Anthony Melton,GSW,2024-25,ACL
2026-02-19,GSW vs. BOS,L,25,18,3,1,1,0,2,After,29,2024-11-12,13.4,2.2,2.4,1.8,0.0,2.2,De'Anthony Melton,GSW,2024-25,ACL
2026-02-22,GSW vs. DEN,W,25,20,4,2,4,0,0,After,30,2024-11-12,14.0,2.6,2.6,2.0,0.0,1.8,De'Anthony Melton,GSW,2024-25,ACL
2026-02-24,GSW @ NOP,L,28,28,4,3,1,0,3,After,31,2024-11-12,18.6,3.4,3.0,1.2,0.0,1.8,De'Anthony Melton,GSW,2024-25,ACL
2026-02-28,GSW vs. LAL,L,24,10,1,4,0,1,0,After,32,2024-11-12,18.6,3.0,3.4,1.2,0.2,1.4,De'Anthony Melton,GSW,2024-25,ACL
2026-03-02,GSW vs. LAC,L,27,7,4,2,1,0,2,After,33,2024-11-12,16.6,3.2,2.4,1.4,0.2,1.4,De'Anthony Melton,GSW,2024-25,ACL
2026-03-05,GSW @ HOU,W,30,23,6,2,3,2,2,After,34,2024-11-12,17.6,3.8,2.6,1.8,0.6,1.4,De'Anthony Melton,GSW,2024-25,ACL
2026-03-09,GSW @ UTA,L,20,22,7,2,2,1,2,After,35,2024-11-12,18.0,4.4,2.6,1.4,0.8,1.8,De'Anthony Melton,GSW,2024-25,ACL
2026-03-13,GSW vs. MIN,L,24,12,2,3,1,0,1,After,36,2024-11-12,14.8,4.0,2.6,1.4,0.8,1.4,De'Anthony Melton,GSW,2024-25,ACL
2026-03-16,GSW @ WAS,W,30,27,5,4,2,0,3,After,37,2024-11-12,18.2,4.8,2.6,1.8,0.6,2.0,De'Anthony Melton,GSW,2024-25,ACL
2026-03-18,GSW @ BOS,L,23,5,1,2,1,1,1,After,38,2024-11-12,17.8,4.2,2.6,1.8,0.8,1.8,De'Anthony Melton,GSW,2024-25,ACL
2026-03-20,GSW @ DET,L,23,14,4,0,0,1,4,After,39,2024-11-12,16.0,3.8,2.2,1.2,0.6,2.2,De'Anthony Melton,GSW,2024-25,ACL
2026-03-21,GSW @ ATL,L,22,20,2,4,1,0,1,After,40,2024-11-12,15.6,2.8,2.6,1.0,0.4,2.0,De'Anthony Melton,GSW,2024-25,ACL
2026-03-23,GSW @ DAL,W,23,0,6,5,3,0,7,After,41,2024-11-12,13.2,3.6,3.0,1.4,0.4,3.2,De'Anthony Melton,GSW,2024-25,ACL
2026-03-25,GSW vs. BKN,W,28,14,9,3,4,0,4,After,42,2024-11-12,10.6,4.4,2.8,1.8,0.4,3.4,De'Anthony Melton,GSW,2024-25,ACL
2026-03-29,GSW @ DEN,L,25,0,1,3,2,0,2,After,43,2024-11-12,9.6,4.4,3.0,2.0,0.2,3.6,De'Anthony Melton,GSW,2024-25,ACL
2026-04-02,GSW vs. CLE,L,26,5,6,3,3,0,2,After,44,2024-11-12,7.8,4.8,3.6,2.6,0.0,3.2,De'Anthony Melton,GSW,2024-25,ACL
2026-04-05,GSW vs. HOU,L,23,6,1,4,0,1,1,After,45,2024-11-12,5.0,4.6,3.6,2.4,0.2,3.2,De'Anthony Melton,GSW,2024-25,ACL
2026-04-07,GSW vs. SAC,W,29,21,4,5,1,0,1,After,46,2024-11-12,9.2,4.2,3.6,2.0,0.2,2.0,De'Anthony Melton,GSW,2024-25,ACL
2026-04-09,GSW vs. LAL,L,15,2,3,2,2,0,2,After,47,2024-11-12,6.8,3.0,3.4,1.6,0.2,1.6,De'Anthony Melton,GSW,2024-25,ACL
2026-04-10,GSW @ SAC,L,28,17,4,3,1,0,2,After,48,2024-11-12,10.2,3.6,3.4,1.4,0.2,1.6,De'Anthony Melton,GSW,2024-25,ACL
2026-04-12,GSW @ LAC,L,19,4,3,2,0,2,1,After,49,2024-11-12,10.0,3.0,3.2,0.8,0.6,1.4,De'Anthony Melton,GSW,2024-25,ACL
2024-10-23,ORL @ MIA,W,16,7,6,2,0,0,1,Before,-30,2024-12-21,7.0,6.0,2.0,0.0,0.0,1.0,Moritz Wagner,ORL,2024-25,ACL
2024-10-25,ORL vs. BKN,W,15,18,3,0,1,1,3,Before,-29,2024-12-21,12.5,4.5,1.0,0.5,0.5,2.0,Moritz Wagner,ORL,2024-25,ACL
2024-10-26,ORL @ MEM,L,12,9,3,0,0,1,0,Before,-28,2024-12-21,11.333333333333334,4.0,0.6666666666666666,0.3333333333333333,0.6666666666666666,1.3333333333333333,Moritz Wagner,ORL,2024-25,ACL
2024-10-28,ORL vs. IND,W,16,14,4,1,0,0,2,Before,-27,2024-12-21,12.0,4.0,0.75,0.25,0.5,1.5,Moritz Wagner,ORL,2024-25,ACL
2024-10-30,ORL @ CHI,L,16,7,6,1,0,0,2,Before,-26,2024-12-21,11.0,4.4,0.8,0.2,0.4,1.6,Moritz Wagner,ORL,2024-25,ACL
2024-11-01,ORL @ CLE,L,28,14,5,0,2,0,2,Before,-25,2024-12-21,12.4,4.2,0.4,0.6,0.4,1.8,Moritz Wagner,ORL,2024-25,ACL
2024-11-03,ORL @ DAL,L,21,10,6,0,0,0,1,Before,-24,2024-12-21,10.8,4.8,0.4,0.4,0.2,1.4,Moritz Wagner,ORL,2024-25,ACL
2024-11-04,ORL @ OKC,L,21,9,7,1,2,1,4,Before,-23,2024-12-21,10.8,5.6,0.6,0.8,0.2,2.2,Moritz Wagner,ORL,2024-25,ACL
2024-11-06,ORL @ IND,L,15,14,1,1,1,0,1,Before,-22,2024-12-21,10.8,5.0,0.6,1.0,0.2,2.0,Moritz Wagner,ORL,2024-25,ACL
2024-11-08,ORL vs. NOP,W,18,17,4,2,0,0,3,Before,-21,2024-12-21,12.8,4.6,0.8,1.0,0.2,2.2,Moritz Wagner,ORL,2024-25,ACL
2024-11-10,ORL vs. WAS,W,23,16,6,2,1,0,0,Before,-20,2024-12-21,13.2,4.8,1.2,0.8,0.2,1.8,Moritz Wagner,ORL,2024-25,ACL
2024-11-12,ORL vs. CHA,W,24,18,5,1,2,0,2,Before,-19,2024-12-21,14.8,4.6,1.4,1.2,0.2,2.0,Moritz Wagner,ORL,2024-25,ACL
2024-11-13,ORL vs. IND,W,18,10,2,0,0,0,5,Before,-18,2024-12-21,15.0,3.6,1.2,0.8,0.0,2.2,Moritz Wagner,ORL,2024-25,ACL
2024-11-15,ORL vs. PHI,W,20,14,4,2,1,0,1,Before,-17,2024-12-21,15.0,4.2,1.4,0.8,0.0,2.2,Moritz Wagner,ORL,2024-25,ACL
2024-11-18,ORL @ PHX,W,12,9,6,0,0,0,1,Before,-16,2024-12-21,13.4,4.6,1.0,0.8,0.0,1.8,Moritz Wagner,ORL,2024-25,ACL
2024-11-20,ORL @ LAC,L,17,10,1,0,1,0,2,Before,-15,2024-12-21,12.2,3.6,0.6,0.8,0.0,2.2,Moritz Wagner,ORL,2024-25,ACL
2024-11-21,ORL @ LAL,W,18,19,5,4,0,1,0,Before,-14,2024-12-21,12.4,3.6,1.2,0.4,0.2,1.8,Moritz Wagner,ORL,2024-25,ACL
2024-11-23,ORL vs. DET,W,28,18,7,5,1,0,1,Before,-13,2024-12-21,14.0,4.6,2.2,0.6,0.2,1.0,Moritz Wagner,ORL,2024-25,ACL
2024-11-25,ORL @ CHA,W,26,16,8,2,1,0,2,Before,-12,2024-12-21,14.4,5.4,2.2,0.6,0.2,1.2,Moritz Wagner,ORL,2024-25,ACL
2024-11-27,ORL vs. CHI,W,18,15,4,4,0,1,0,Before,-11,2024-12-21,15.6,5.0,3.0,0.6,0.4,1.0,Moritz Wagner,ORL,2024-25,ACL
2024-11-29,ORL @ BKN,W,16,3,5,1,1,1,3,Before,-10,2024-12-21,14.2,5.8,3.2,0.6,0.6,1.2,Moritz Wagner,ORL,2024-25,ACL
2024-12-01,ORL @ BKN,W,16,12,8,2,1,2,2,Before,-9,2024-12-21,12.8,6.4,2.8,0.8,0.8,1.6,Moritz Wagner,ORL,2024-25,ACL
2024-12-03,ORL @ NYK,L,28,20,12,1,2,1,1,Before,-8,2024-12-21,13.2,7.4,2.0,1.0,1.0,1.6,Moritz Wagner,ORL,2024-25,ACL
2024-12-04,ORL @ PHI,W,21,10,6,1,2,2,2,Before,-7,2024-12-21,12.0,7.0,1.8,1.2,1.4,1.6,Moritz Wagner,ORL,2024-25,ACL
2024-12-06,ORL @ PHI,L,18,12,9,2,0,0,2,Before,-6,2024-12-21,11.4,8.0,1.4,1.2,1.2,2.0,Moritz Wagner,ORL,2024-25,ACL
2024-12-08,ORL vs. PHX,W,17,10,6,3,2,1,0,Before,-5,2024-12-21,12.8,8.2,1.8,1.4,1.2,1.4,Moritz Wagner,ORL,2024-25,ACL
2024-12-10,ORL @ MIL,L,19,13,3,1,1,0,1,Before,-4,2024-12-21,13.0,7.2,1.6,1.4,0.8,1.2,Moritz Wagner,ORL,2024-25,ACL
2024-12-15,ORL vs. NYK,L,26,32,6,1,2,0,3,Before,-3,2024-12-21,15.4,6.0,1.6,1.4,0.6,1.6,Moritz Wagner,ORL,2024-25,ACL
2024-12-19,ORL vs. OKC,L,19,10,0,2,0,0,1,Before,-2,2024-12-21,15.4,4.8,1.8,1.0,0.2,1.4,Moritz Wagner,ORL,2024-25,ACL
2024-12-21,ORL vs. MIA,W,2,0,0,0,0,0,1,Before,-1,2024-12-21,13.0,3.0,1.4,1.0,0.2,1.2,Moritz Wagner,ORL,2024-25,ACL
2026-01-11,ORL vs. NOP,W,10,8,2,2,0,0,0,After,1,2024-12-21,8.0,2.0,2.0,0.0,0.0,0.0,Moritz Wagner,ORL,2024-25,ACL
2026-01-15,ORL vs. MEM,W,14,7,4,0,0,0,1,After,2,2024-12-21,7.5,3.0,1.0,0.0,0.0,0.5,Moritz Wagner,ORL,2024-25,ACL
2026-01-22,ORL vs. CHA,L,15,14,1,1,2,0,2,After,3,2024-12-21,9.666666666666666,2.3333333333333335,1.0,0.6666666666666666,0.0,1.0,Moritz Wagner,ORL,2024-25,ACL
2026-01-24,ORL vs. CLE,L,13,13,6,0,1,0,1,After,4,2024-12-21,10.5,3.25,0.75,0.75,0.0,1.0,Moritz Wagner,ORL,2024-25,ACL
2026-01-26,ORL @ CLE,L,12,5,3,0,0,0,1,After,5,2024-12-21,9.4,3.2,0.6,0.6,0.0,1.0,Moritz Wagner,ORL,2024-25,ACL
2026-01-28,ORL @ MIA,W,4,3,1,0,0,0,0,After,6,2024-12-21,8.4,3.0,0.2,0.6,0.0,1.0,Moritz Wagner,ORL,2024-25,ACL
2026-01-30,ORL vs. TOR,W,3,1,0,0,0,0,0,After,7,2024-12-21,7.2,2.2,0.2,0.6,0.0,0.8,Moritz Wagner,ORL,2024-25,ACL
2026-02-01,ORL @ SAS,L,8,8,0,0,0,0,0,After,8,2024-12-21,6.0,2.0,0.0,0.2,0.0,0.4,Moritz Wagner,ORL,2024-25,ACL
2026-02-03,ORL @ OKC,L,13,8,5,0,1,0,1,After,9,2024-12-21,5.0,1.8,0.0,0.2,0.0,0.4,Moritz Wagner,ORL,2024-25,ACL
2026-02-05,ORL vs. BKN,W,12,14,5,0,0,0,2,After,10,2024-12-21,6.8,2.2,0.0,0.2,0.0,0.6,Moritz Wagner,ORL,2024-25,ACL
2026-02-07,ORL vs. UTA,W,17,13,8,0,0,0,0,After,11,2024-12-21,8.8,3.6,0.0,0.2,0.0,0.6,Moritz Wagner,ORL,2024-25,ACL
2026-02-09,ORL vs. MIL,W,16,14,2,0,2,0,0,After,12,2024-12-21,11.4,4.0,0.0,0.6,0.0,0.6,Moritz Wagner,ORL,2024-25,ACL
2026-02-11,ORL vs. MIL,L,17,12,5,4,1,1,0,After,13,2024-12-21,12.2,5.0,0.8,0.8,0.2,0.6,Moritz Wagner,ORL,2024-25,ACL
2026-02-19,ORL @ SAC,W,18,11,2,3,2,0,1,After,14,2024-12-21,12.8,4.4,1.4,1.0,0.2,0.6,Moritz Wagner,ORL,2024-25,ACL
2026-02-21,ORL @ PHX,L,12,7,2,1,0,0,0,After,15,2024-12-21,11.4,3.8,1.6,1.0,0.2,0.2,Moritz Wagner,ORL,2024-25,ACL
2026-02-22,ORL @ LAC,W,11,9,2,1,2,0,1,After,16,2024-12-21,10.6,2.6,1.8,1.4,0.2,0.4,Moritz Wagner,ORL,2024-25,ACL
2026-02-24,ORL @ LAL,W,11,4,3,1,0,0,0,After,17,2024-12-21,8.6,2.8,2.0,1.0,0.2,0.4,Moritz Wagner,ORL,2024-25,ACL
2026-02-26,ORL vs. HOU,L,15,6,3,2,2,0,0,After,18,2024-12-21,7.4,2.4,1.6,1.2,0.0,0.4,Moritz Wagner,ORL,2024-25,ACL
2026-03-01,ORL vs. DET,L,13,9,3,0,0,0,1,After,19,2024-12-21,7.0,2.6,1.0,0.8,0.0,0.4,Moritz Wagner,ORL,2024-25,ACL
2026-03-03,ORL vs. WAS,W,16,10,3,0,0,0,0,After,20,2024-12-21,7.6,2.8,0.8,0.8,0.0,0.4,Moritz Wagner,ORL,2024-25,ACL
2026-03-05,ORL vs. DAL,W,12,6,2,2,0,0,0,After,21,2024-12-21,7.0,2.8,1.0,0.4,0.0,0.2,Moritz Wagner,ORL,2024-25,ACL
2026-03-07,ORL @ MIN,W,19,7,7,3,0,0,2,After,22,2024-12-21,7.6,3.6,1.4,0.4,0.0,0.6,Moritz Wagner,ORL,2024-25,ACL
2026-03-08,ORL @ MIL,W,18,3,9,0,0,0,0,After,23,2024-12-21,7.0,4.8,1.0,0.0,0.0,0.6,Moritz Wagner,ORL,2024-25,ACL
2026-03-11,ORL vs. CLE,W,13,1,5,1,1,0,1,After,24,2024-12-21,5.4,5.2,1.2,0.2,0.0,0.6,Moritz Wagner,ORL,2024-25,ACL
2026-03-12,ORL vs. WAS,W,11,7,5,0,0,0,0,After,25,2024-12-21,4.8,5.6,1.2,0.2,0.0,0.6,Moritz Wagner,ORL,2024-25,ACL
2026-03-14,ORL @ MIA,W,13,7,4,0,0,0,2,After,26,2024-12-21,5.0,6.0,0.8,0.2,0.0,1.0,Moritz Wagner,ORL,2024-25,ACL
2026-03-16,ORL @ ATL,L,14,7,6,1,0,0,0,After,27,2024-12-21,5.0,5.8,0.4,0.2,0.0,0.6,Moritz Wagner,ORL,2024-25,ACL
2026-03-17,ORL vs. OKC,L,13,5,1,0,0,0,1,After,28,2024-12-21,5.4,4.2,0.4,0.2,0.0,0.8,Moritz Wagner,ORL,2024-25,ACL
2026-03-19,ORL @ CHA,L,19,5,1,1,0,0,0,After,29,2024-12-21,6.2,3.4,0.4,0.0,0.0,0.6,Moritz Wagner,ORL,2024-25,ACL
2026-03-24,ORL @ CLE,L,5,4,2,0,0,0,0,After,30,2024-12-21,5.6,2.8,0.4,0.0,0.0,0.6,Moritz Wagner,ORL,2024-25,ACL
2026-03-26,ORL vs. SAC,W,5,0,1,0,0,0,0,After,31,2024-12-21,4.2,2.2,0.4,0.0,0.0,0.2,Moritz Wagner,ORL,2024-25,ACL
2026-03-29,ORL @ TOR,L,12,7,4,1,0,0,0,After,32,2024-12-21,4.2,1.8,0.4,0.0,0.0,0.2,Moritz Wagner,ORL,2024-25,ACL
2026-03-31,ORL vs. PHX,W,4,4,1,1,1,0,1,After,33,2024-12-21,4.0,1.8,0.6,0.2,0.0,0.2,Moritz Wagner,ORL,2024-25,ACL
2026-04-01,ORL vs. ATL,L,8,2,2,0,0,0,1,After,34,2024-12-21,3.4,2.0,0.4,0.2,0.0,0.4,Moritz Wagner,ORL,2024-25,ACL
2026-04-06,ORL vs. DET,W,4,2,1,1,0,1,0,After,35,2024-12-21,3.0,1.8,0.6,0.2,0.2,0.4,Moritz Wagner,ORL,2024-25,ACL
2026-04-08,ORL vs. MIN,W,7,4,4,1,0,0,0,After,36,2024-12-21,3.8,2.4,0.8,0.2,0.2,0.4,Moritz Wagner,ORL,2024-25,ACL
2024-10-22,BOS vs. NYK,W,30,37,4,10,1,1,1,Before,-72,2025-04-11,37.0,4.0,10.0,1.0,1.0,1.0,Jayson Tatum,BOS,2024-25,Achilles
2024-10-24,BOS @ WAS,W,29,25,11,6,1,0,1,Before,-71,2025-04-11,31.0,7.5,8.0,1.0,0.5,1.0,Jayson Tatum,BOS,2024-25,Achilles
2024-10-26,BOS @ DET,W,38,37,4,2,2,1,1,Before,-70,2025-04-11,33.0,6.333333333333333,6.0,1.3333333333333333,0.6666666666666666,1.0,Jayson Tatum,BOS,2024-25,Achilles
2024-10-28,BOS vs. MIL,W,36,15,8,4,2,1,3,Before,-69,2025-04-11,28.5,6.75,5.5,1.5,0.75,1.5,Jayson Tatum,BOS,2024-25,Achilles
2024-10-30,BOS @ IND,L,43,37,8,4,4,0,3,Before,-68,2025-04-11,30.2,7.0,5.2,2.0,0.6,1.8,Jayson Tatum,BOS,2024-25,Achilles
2024-11-01,BOS @ CHA,W,36,32,11,3,3,1,5,Before,-67,2025-04-11,29.2,8.4,3.8,2.4,0.6,2.6,Jayson Tatum,BOS,2024-25,Achilles
2024-11-02,BOS @ CHA,W,34,29,7,3,0,0,5,Before,-66,2025-04-11,30.0,7.6,3.2,2.2,0.6,3.4,Jayson Tatum,BOS,2024-25,Achilles
2024-11-04,BOS @ ATL,W,30,28,6,9,2,0,1,Before,-65,2025-04-11,28.2,8.0,4.6,2.2,0.4,3.4,Jayson Tatum,BOS,2024-25,Achilles
2024-11-06,BOS vs. GSW,L,37,32,4,2,1,1,4,Before,-64,2025-04-11,31.6,7.2,4.2,2.0,0.4,3.6,Jayson Tatum,BOS,2024-25,Achilles
2024-11-08,BOS vs. BKN,W,42,33,9,6,2,1,3,Before,-63,2025-04-11,30.8,7.4,4.6,1.6,0.6,3.6,Jayson Tatum,BOS,2024-25,Achilles
2024-11-10,BOS @ MIL,W,40,31,12,6,0,0,5,Before,-62,2025-04-11,30.6,7.6,5.2,1.0,0.4,3.6,Jayson Tatum,BOS,2024-25,Achilles
2024-11-12,BOS vs. ATL,L,37,20,6,8,1,2,5,Before,-61,2025-04-11,28.8,7.4,6.2,1.2,0.8,3.6,Jayson Tatum,BOS,2024-25,Achilles
2024-11-13,BOS @ BKN,W,35,36,9,10,0,0,1,Before,-60,2025-04-11,30.4,8.0,6.4,0.8,0.8,3.6,Jayson Tatum,BOS,2024-25,Achilles
2024-11-16,BOS vs. TOR,W,42,24,11,9,0,0,2,Before,-59,2025-04-11,28.8,9.4,7.8,0.6,0.6,3.2,Jayson Tatum,BOS,2024-25,Achilles
2024-11-19,BOS vs. CLE,W,38,33,12,7,2,0,4,Before,-58,2025-04-11,28.8,10.0,8.0,0.6,0.4,3.4,Jayson Tatum,BOS,2024-25,Achilles
2024-11-22,BOS @ WAS,W,37,16,9,8,2,0,3,Before,-57,2025-04-11,25.8,9.4,8.4,1.0,0.4,3.0,Jayson Tatum,BOS,2024-25,Achilles
2024-11-24,BOS vs. MIN,W,38,26,8,4,2,0,1,Before,-56,2025-04-11,27.0,9.8,7.6,1.2,0.0,2.2,Jayson Tatum,BOS,2024-25,Achilles
2024-11-25,BOS vs. LAC,W,30,20,9,4,0,2,3,Before,-55,2025-04-11,23.8,9.8,6.4,1.2,0.4,2.6,Jayson Tatum,BOS,2024-25,Achilles
2024-11-29,BOS @ CHI,W,36,35,14,5,1,1,3,Before,-54,2025-04-11,26.0,10.4,5.6,1.4,0.6,2.8,Jayson Tatum,BOS,2024-25,Achilles
2024-12-01,BOS @ CLE,L,38,33,8,4,1,1,2,Before,-53,2025-04-11,26.0,9.6,5.0,1.2,0.8,2.4,Jayson Tatum,BOS,2024-25,Achilles
2024-12-02,BOS vs. MIA,W,36,18,11,4,1,0,6,Before,-52,2025-04-11,26.4,10.0,4.2,1.0,0.8,3.0,Jayson Tatum,BOS,2024-25,Achilles
2024-12-06,BOS vs. MIL,W,37,34,10,5,0,0,1,Before,-51,2025-04-11,28.0,10.4,4.4,0.6,0.8,3.0,Jayson Tatum,BOS,2024-25,Achilles
2024-12-07,BOS vs. MEM,L,38,17,13,9,0,0,1,Before,-50,2025-04-11,27.4,11.2,5.4,0.6,0.4,2.6,Jayson Tatum,BOS,2024-25,Achilles
2024-12-15,BOS @ WAS,W,35,28,12,2,0,0,4,Before,-49,2025-04-11,26.0,10.8,4.8,0.4,0.2,2.8,Jayson Tatum,BOS,2024-25,Achilles
2024-12-19,BOS vs. CHI,L,37,31,10,4,2,0,1,Before,-48,2025-04-11,25.6,11.2,4.8,0.6,0.0,2.6,Jayson Tatum,BOS,2024-25,Achilles
2024-12-21,BOS @ CHI,W,36,43,15,10,0,0,4,Before,-47,2025-04-11,30.6,12.0,6.0,0.4,0.0,2.2,Jayson Tatum,BOS,2024-25,Achilles
2024-12-25,BOS vs. PHI,L,42,32,15,4,1,1,3,Before,-46,2025-04-11,30.2,13.0,5.8,0.6,0.2,2.6,Jayson Tatum,BOS,2024-25,Achilles
2024-12-27,BOS vs. IND,W,32,22,13,4,3,0,1,Before,-45,2025-04-11,31.2,13.0,4.8,1.2,0.2,2.6,Jayson Tatum,BOS,2024-25,Achilles
2024-12-29,BOS vs. IND,L,41,22,9,6,3,1,3,Before,-44,2025-04-11,30.0,12.4,5.6,1.8,0.4,2.4,Jayson Tatum,BOS,2024-25,Achilles
2024-12-31,BOS vs. TOR,W,29,23,8,3,1,0,3,Before,-43,2025-04-11,28.4,12.0,5.4,1.6,0.4,2.8,Jayson Tatum,BOS,2024-25,Achilles
2025-01-02,BOS @ MIN,W,38,33,8,9,3,0,2,Before,-42,2025-04-11,26.4,10.6,5.2,2.2,0.4,2.4,Jayson Tatum,BOS,2024-25,Achilles
2025-01-03,BOS @ HOU,W,33,20,6,5,1,0,3,Before,-41,2025-04-11,24.0,8.8,5.4,2.2,0.2,2.4,Jayson Tatum,BOS,2024-25,Achilles
2025-01-05,BOS @ OKC,L,39,26,10,1,2,0,2,Before,-40,2025-04-11,24.8,8.2,4.8,2.0,0.2,2.6,Jayson Tatum,BOS,2024-25,Achilles
2025-01-07,BOS @ DEN,W,38,29,4,6,1,2,2,Before,-39,2025-04-11,26.2,7.2,4.8,1.6,0.4,2.4,Jayson Tatum,BOS,2024-25,Achilles
2025-01-10,BOS vs. SAC,L,35,15,12,5,0,0,8,Before,-38,2025-04-11,24.6,8.0,5.2,1.4,0.4,3.4,Jayson Tatum,BOS,2024-25,Achilles
2025-01-12,BOS vs. NOP,W,36,38,11,1,1,1,3,Before,-37,2025-04-11,25.6,8.6,3.6,1.0,0.6,3.6,Jayson Tatum,BOS,2024-25,Achilles
2025-01-15,BOS @ TOR,L,36,16,10,7,0,1,1,Before,-36,2025-04-11,24.8,9.4,4.0,0.8,0.8,3.2,Jayson Tatum,BOS,2024-25,Achilles
2025-01-17,BOS vs. ORL,W,35,30,6,4,2,1,1,Before,-35,2025-04-11,25.6,8.6,4.6,0.8,1.0,3.0,Jayson Tatum,BOS,2024-25,Achilles
2025-01-18,BOS vs. ATL,L,43,23,8,7,3,0,3,Before,-34,2025-04-11,24.4,9.4,4.8,1.2,0.6,3.2,Jayson Tatum,BOS,2024-25,Achilles
2025-01-20,BOS @ GSW,W,28,22,9,7,2,0,3,Before,-33,2025-04-11,25.8,8.8,5.2,1.6,0.6,2.2,Jayson Tatum,BOS,2024-25,Achilles
2025-01-22,BOS @ LAC,W,43,24,7,8,1,2,5,Before,-32,2025-04-11,23.0,8.0,6.6,1.6,0.8,2.6,Jayson Tatum,BOS,2024-25,Achilles
2025-01-23,BOS @ LAL,L,30,16,6,5,1,1,2,Before,-31,2025-04-11,23.0,7.2,6.2,1.8,0.8,2.8,Jayson Tatum,BOS,2024-25,Achilles
2025-01-25,BOS @ DAL,W,35,24,6,3,1,0,3,Before,-30,2025-04-11,21.8,7.2,6.0,1.6,0.6,3.2,Jayson Tatum,BOS,2024-25,Achilles
2025-01-27,BOS vs. HOU,L,42,19,6,7,0,0,3,Before,-29,2025-04-11,21.0,6.8,6.0,1.0,0.6,3.2,Jayson Tatum,BOS,2024-25,Achilles
2025-01-29,BOS vs. CHI,W,32,16,8,5,0,0,3,Before,-28,2025-04-11,19.8,6.6,5.6,0.6,0.6,3.2,Jayson Tatum,BOS,2024-25,Achilles
2025-01-31,BOS @ NOP,W,39,27,6,10,1,0,5,Before,-27,2025-04-11,20.4,6.4,6.0,0.6,0.2,3.2,Jayson Tatum,BOS,2024-25,Achilles
2025-02-02,BOS @ PHI,W,44,35,7,11,1,1,3,Before,-26,2025-04-11,24.2,6.6,7.2,0.6,0.2,3.4,Jayson Tatum,BOS,2024-25,Achilles
2025-02-04,BOS @ CLE,W,35,22,4,7,2,2,1,Before,-25,2025-04-11,23.8,6.2,8.0,0.8,0.6,3.0,Jayson Tatum,BOS,2024-25,Achilles
2025-02-06,BOS vs. DAL,L,29,17,4,4,0,1,4,Before,-24,2025-04-11,23.4,5.8,7.4,0.8,0.8,3.2,Jayson Tatum,BOS,2024-25,Achilles
2025-02-08,BOS @ NYK,W,37,40,6,4,0,0,1,Before,-23,2025-04-11,28.2,5.4,7.2,0.8,0.8,2.8,Jayson Tatum,BOS,2024-25,Achilles
2025-02-10,BOS @ MIA,W,38,33,8,2,0,1,0,Before,-22,2025-04-11,29.4,5.8,5.6,0.6,1.0,1.8,Jayson Tatum,BOS,2024-25,Achilles
2025-02-12,BOS vs. SAS,W,38,32,14,7,0,1,2,Before,-21,2025-04-11,28.8,7.2,4.8,0.4,1.0,1.6,Jayson Tatum,BOS,2024-25,Achilles
2025-02-20,BOS @ PHI,W,35,15,11,10,1,0,3,Before,-20,2025-04-11,27.4,8.6,5.4,0.2,0.6,2.0,Jayson Tatum,BOS,2024-25,Achilles
2025-02-23,BOS vs. NYK,W,37,25,10,9,1,0,3,Before,-19,2025-04-11,29.0,9.8,6.4,0.4,0.4,1.8,Jayson Tatum,BOS,2024-25,Achilles
2025-02-25,BOS @ TOR,W,40,19,6,11,1,0,6,Before,-18,2025-04-11,24.8,9.8,7.8,0.6,0.4,2.8,Jayson Tatum,BOS,2024-25,Achilles
2025-02-26,BOS @ DET,L,33,27,6,3,0,0,4,Before,-17,2025-04-11,23.6,9.4,8.0,0.6,0.2,3.6,Jayson Tatum,BOS,2024-25,Achilles
2025-02-28,BOS vs. CLE,L,41,46,16,9,0,3,3,Before,-16,2025-04-11,26.4,9.8,8.4,0.6,0.6,3.8,Jayson Tatum,BOS,2024-25,Achilles
2025-03-02,BOS vs. DEN,W,38,16,11,7,0,0,6,Before,-15,2025-04-11,26.6,9.8,7.8,0.4,0.6,4.4,Jayson Tatum,BOS,2024-25,Achilles
2025-03-06,BOS vs. PHI,W,31,35,7,2,3,0,4,Before,-14,2025-04-11,28.6,9.2,6.4,0.8,0.6,4.6,Jayson Tatum,BOS,2024-25,Achilles
2025-03-08,BOS vs. LAL,W,45,40,12,8,2,1,3,Before,-13,2025-04-11,32.8,10.4,5.8,1.0,0.8,4.0,Jayson Tatum,BOS,2024-25,Achilles
2025-03-12,BOS vs. OKC,L,41,33,8,8,0,0,4,Before,-12,2025-04-11,34.0,10.8,6.8,1.0,0.8,4.0,Jayson Tatum,BOS,2024-25,Achilles
2025-03-14,BOS @ MIA,W,37,28,4,5,1,0,5,Before,-11,2025-04-11,30.4,8.4,6.0,1.2,0.2,4.4,Jayson Tatum,BOS,2024-25,Achilles
2025-03-15,BOS @ BKN,W,36,20,8,8,0,0,2,Before,-10,2025-04-11,31.2,7.8,6.2,1.2,0.2,3.6,Jayson Tatum,BOS,2024-25,Achilles
2025-03-21,BOS @ UTA,W,33,26,6,6,3,0,6,Before,-9,2025-04-11,29.4,7.6,7.0,1.2,0.2,4.0,Jayson Tatum,BOS,2024-25,Achilles
2025-03-23,BOS @ POR,W,37,30,9,9,1,2,3,Before,-8,2025-04-11,27.4,7.0,7.2,1.0,0.4,4.0,Jayson Tatum,BOS,2024-25,Achilles
2025-03-24,BOS @ SAC,W,26,25,7,8,0,0,3,Before,-7,2025-04-11,25.8,6.8,7.2,1.0,0.4,3.8,Jayson Tatum,BOS,2024-25,Achilles
2025-03-29,BOS @ SAS,W,36,29,10,8,0,1,1,Before,-6,2025-04-11,26.0,8.0,7.8,0.8,0.6,3.0,Jayson Tatum,BOS,2024-25,Achilles
2025-03-31,BOS @ MEM,W,38,25,14,2,0,1,4,Before,-5,2025-04-11,27.0,9.2,6.6,0.8,0.8,3.4,Jayson Tatum,BOS,2024-25,Achilles
2025-04-02,BOS vs. MIA,L,32,16,3,7,1,0,2,Before,-4,2025-04-11,25.0,8.6,6.8,0.4,0.8,2.6,Jayson Tatum,BOS,2024-25,Achilles
2025-04-04,BOS vs. PHX,W,35,23,8,8,1,1,2,Before,-3,2025-04-11,23.6,8.4,6.6,0.4,0.6,2.4,Jayson Tatum,BOS,2024-25,Achilles
2025-04-08,BOS @ NYK,W,48,32,7,5,1,1,2,Before,-2,2025-04-11,25.0,8.4,6.0,0.6,0.8,2.2,Jayson Tatum,BOS,2024-25,Achilles
2025-04-11,BOS vs. CHA,W,32,16,8,8,0,0,0,Before,-1,2025-04-11,22.4,8.0,6.0,0.6,0.6,2.0,Jayson Tatum,BOS,2024-25,Achilles
2026-03-06,BOS vs. DAL,W,27,15,12,7,1,0,2,After,1,2025-04-11,15.0,12.0,7.0,1.0,0.0,2.0,Jayson Tatum,BOS,2024-25,Achilles
2026-03-08,BOS @ CLE,W,27,20,3,2,0,0,1,After,2,2025-04-11,17.5,7.5,4.5,0.5,0.0,1.5,Jayson Tatum,BOS,2024-25,Achilles
2026-03-10,BOS @ SAS,L,27,24,5,2,2,0,1,After,3,2025-04-11,19.666666666666668,6.666666666666667,3.6666666666666665,1.0,0.0,1.3333333333333333,Jayson Tatum,BOS,2024-25,Achilles
2026-03-14,BOS vs. WAS,W,32,20,14,7,2,0,1,After,4,2025-04-11,19.75,8.5,4.5,1.25,0.0,1.25,Jayson Tatum,BOS,2024-25,Achilles
2026-03-16,BOS vs. PHX,W,32,21,7,4,1,0,2,After,5,2025-04-11,20.0,8.2,4.4,1.2,0.0,1.4,Jayson Tatum,BOS,2024-25,Achilles
2026-03-18,BOS vs. GSW,W,31,24,10,2,1,0,4,After,6,2025-04-11,21.8,7.8,3.4,1.2,0.0,1.8,Jayson Tatum,BOS,2024-25,Achilles
2026-03-20,BOS @ MEM,W,31,13,9,0,0,0,3,After,7,2025-04-11,20.4,9.0,3.0,1.2,0.0,2.2,Jayson Tatum,BOS,2024-25,Achilles
2026-03-22,BOS vs. MIN,L,31,16,11,2,2,0,1,After,8,2025-04-11,18.8,10.2,3.0,1.2,0.0,2.2,Jayson Tatum,BOS,2024-25,Achilles
2026-03-25,BOS vs. OKC,W,35,19,12,7,3,1,5,After,9,2025-04-11,18.6,9.8,3.0,1.4,0.2,3.0,Jayson Tatum,BOS,2024-25,Achilles
2026-03-27,BOS vs. ATL,W,37,26,12,5,0,0,2,After,10,2025-04-11,19.6,10.8,3.2,1.2,0.2,3.0,Jayson Tatum,BOS,2024-25,Achilles
2026-03-29,BOS @ CHA,W,31,32,5,8,0,1,0,After,11,2025-04-11,21.2,9.8,4.4,1.0,0.4,2.2,Jayson Tatum,BOS,2024-25,Achilles
2026-04-01,BOS @ MIA,W,37,25,18,11,2,0,2,After,12,2025-04-11,23.6,11.6,6.6,1.4,0.4,2.0,Jayson Tatum,BOS,2024-25,Achilles
2026-04-03,BOS @ MIL,W,31,23,11,9,3,0,2,After,13,2025-04-11,25.0,11.6,8.0,1.6,0.4,2.2,Jayson Tatum,BOS,2024-25,Achilles
2026-04-05,BOS vs. TOR,W,34,23,13,7,3,0,5,After,14,2025-04-11,25.8,11.8,8.0,1.6,0.2,2.2,Jayson Tatum,BOS,2024-25,Achilles
2026-04-07,BOS vs. CHA,W,39,23,5,4,1,0,2,After,15,2025-04-11,25.2,10.4,7.8,1.8,0.2,2.2,Jayson Tatum,BOS,2024-25,Achilles
2026-04-09,BOS @ NYK,L,40,24,13,8,1,1,6,After,16,2025-04-11,23.6,12.0,7.8,2.0,0.2,3.4,Jayson Tatum,BOS,2024-25,Achilles
2024-10-23,NOP vs. CHI,W,30,14,8,10,1,0,1,Before,-31,2025-01-31,14.0,8.0,10.0,1.0,0.0,1.0,Dejounte Murray,NOP,2024-25,Achilles
2024-11-27,NOP vs. TOR,L,25,14,4,2,2,0,3,Before,-30,2025-01-31,14.0,6.0,6.0,1.5,0.0,2.0,Dejounte Murray,NOP,2024-25,Achilles
2024-11-29,NOP @ MEM,L,33,21,6,6,1,0,7,Before,-29,2025-01-31,16.333333333333332,6.0,6.0,1.3333333333333333,0.0,3.6666666666666665,Dejounte Murray,NOP,2024-25,Achilles
2024-12-01,NOP @ NYK,L,30,10,8,5,3,1,3,Before,-28,2025-01-31,14.75,6.5,5.75,1.75,0.25,3.5,Dejounte Murray,NOP,2024-25,Achilles
2024-12-02,NOP @ ATL,L,38,7,5,10,5,1,4,Before,-27,2025-01-31,13.2,6.2,6.6,2.4,0.4,3.6,Dejounte Murray,NOP,2024-25,Achilles
2024-12-05,NOP vs. PHX,W,35,17,5,3,2,0,2,Before,-26,2025-01-31,13.8,5.6,5.2,2.6,0.4,3.8,Dejounte Murray,NOP,2024-25,Achilles
2024-12-07,NOP vs. OKC,L,36,26,9,5,4,0,4,Before,-25,2025-01-31,16.2,6.6,5.8,3.0,0.4,4.0,Dejounte Murray,NOP,2024-25,Achilles
2024-12-08,NOP @ SAS,L,34,18,6,11,0,2,2,Before,-24,2025-01-31,15.6,6.6,6.8,2.8,0.8,3.0,Dejounte Murray,NOP,2024-25,Achilles
2024-12-12,NOP vs. SAC,L,35,20,7,9,1,2,8,Before,-23,2025-01-31,17.6,6.4,7.6,2.4,1.0,4.0,Dejounte Murray,NOP,2024-25,Achilles
2024-12-15,NOP @ IND,L,35,19,7,7,2,0,8,Before,-22,2025-01-31,20.0,6.8,7.0,1.8,0.8,4.8,Dejounte Murray,NOP,2024-25,Achilles
2024-12-19,NOP @ HOU,L,31,14,5,8,1,0,4,Before,-21,2025-01-31,19.4,6.8,8.0,1.6,0.8,5.2,Dejounte Murray,NOP,2024-25,Achilles
2024-12-21,NOP vs. NYK,L,33,14,9,8,1,0,3,Before,-20,2025-01-31,17.0,6.8,8.6,1.0,0.8,5.0,Dejounte Murray,NOP,2024-25,Achilles
2024-12-22,NOP vs. DEN,L,44,17,8,15,6,1,2,Before,-19,2025-01-31,16.8,7.2,9.4,2.2,0.6,5.0,Dejounte Murray,NOP,2024-25,Achilles
2024-12-26,NOP vs. HOU,L,27,17,4,4,3,0,3,Before,-18,2025-01-31,16.2,6.6,8.4,2.6,0.2,4.0,Dejounte Murray,NOP,2024-25,Achilles
2024-12-27,NOP vs. MEM,L,39,15,7,9,3,1,7,Before,-17,2025-01-31,15.4,6.6,8.8,2.8,0.4,3.8,Dejounte Murray,NOP,2024-25,Achilles
2024-12-30,NOP vs. LAC,L,40,13,10,8,6,0,4,Before,-16,2025-01-31,15.2,7.6,8.8,3.8,0.4,3.8,Dejounte Murray,NOP,2024-25,Achilles
2025-01-01,NOP @ MIA,L,31,12,3,7,0,0,4,Before,-15,2025-01-31,14.8,6.4,8.6,3.6,0.4,4.0,Dejounte Murray,NOP,2024-25,Achilles
2025-01-03,NOP vs. WAS,W,28,11,4,12,3,1,1,Before,-14,2025-01-31,13.6,5.6,8.0,3.0,0.4,3.8,Dejounte Murray,NOP,2024-25,Achilles
2025-01-05,NOP @ WAS,W,36,14,10,12,0,0,4,Before,-13,2025-01-31,13.0,6.8,9.6,2.4,0.4,4.0,Dejounte Murray,NOP,2024-25,Achilles
2025-01-07,NOP vs. MIN,L,34,29,2,6,6,1,2,Before,-12,2025-01-31,15.8,5.8,9.0,3.0,0.4,3.0,Dejounte Murray,NOP,2024-25,Achilles
2025-01-08,NOP vs. POR,L,26,20,3,5,2,0,4,Before,-11,2025-01-31,17.2,4.4,8.4,2.2,0.4,3.0,Dejounte Murray,NOP,2024-25,Achilles
2025-01-10,NOP @ PHI,W,32,17,10,6,1,0,6,Before,-10,2025-01-31,18.2,5.8,8.2,2.4,0.4,3.4,Dejounte Murray,NOP,2024-25,Achilles
2025-01-12,NOP @ BOS,L,35,26,9,8,1,1,1,Before,-9,2025-01-31,21.2,6.8,7.4,2.0,0.4,3.4,Dejounte Murray,NOP,2024-25,Achilles
2025-01-14,NOP @ CHI,W,34,15,7,7,1,0,2,Before,-8,2025-01-31,21.4,6.2,6.4,2.2,0.4,3.0,Dejounte Murray,NOP,2024-25,Achilles
2025-01-15,NOP vs. DAL,W,33,30,7,7,2,0,2,Before,-7,2025-01-31,21.6,7.2,6.6,1.4,0.2,3.0,Dejounte Murray,NOP,2024-25,Achilles
2025-01-17,NOP vs. UTA,W,25,8,5,6,1,0,2,Before,-6,2025-01-31,19.2,7.6,6.8,1.2,0.2,2.6,Dejounte Murray,NOP,2024-25,Achilles
2025-01-20,NOP vs. UTA,W,45,26,9,11,3,0,3,Before,-5,2025-01-31,21.0,7.4,7.8,1.6,0.2,2.0,Dejounte Murray,NOP,2024-25,Achilles
2025-01-24,NOP @ MEM,L,31,26,6,7,0,0,3,Before,-4,2025-01-31,21.0,6.8,7.6,1.4,0.0,2.4,Dejounte Murray,NOP,2024-25,Achilles
2025-01-27,NOP @ TOR,L,36,21,7,8,2,1,1,Before,-3,2025-01-31,22.2,6.8,7.8,1.6,0.2,2.2,Dejounte Murray,NOP,2024-25,Achilles
2025-01-29,NOP vs. DAL,L,33,27,5,6,0,0,3,Before,-2,2025-01-31,21.6,6.4,7.6,1.2,0.2,2.4,Dejounte Murray,NOP,2024-25,Achilles
2025-01-31,NOP vs. BOS,L,8,4,5,0,0,0,3,Before,-1,2025-01-31,20.8,6.4,6.4,1.0,0.2,2.6,Dejounte Murray,NOP,2024-25,Achilles
2026-02-24,NOP vs. GSW,W,25,13,2,3,1,0,5,After,1,2025-01-31,13.0,2.0,3.0,1.0,0.0,5.0,Dejounte Murray,NOP,2024-25,Achilles
2026-02-26,NOP @ UTA,W,26,17,3,9,4,1,6,After,2,2025-01-31,15.0,2.5,6.0,2.5,0.5,5.5,Dejounte Murray,NOP,2024-25,Achilles
2026-03-01,NOP @ LAC,L,22,17,5,5,1,0,2,After,3,2025-01-31,15.666666666666666,3.3333333333333335,5.666666666666667,2.0,0.3333333333333333,4.333333333333333,Dejounte Murray,NOP,2024-25,Achilles
2026-03-03,NOP @ LAL,L,28,15,8,8,1,1,3,After,4,2025-01-31,15.5,4.5,6.25,1.75,0.5,4.0,Dejounte Murray,NOP,2024-25,Achilles
2026-03-06,NOP @ PHX,L,30,15,8,5,2,0,3,After,5,2025-01-31,15.4,5.2,6.0,1.8,0.4,3.8,Dejounte Murray,NOP,2024-25,Achilles
2026-03-08,NOP vs. WAS,W,24,19,6,2,2,0,2,After,6,2025-01-31,16.6,6.0,5.8,2.0,0.4,3.2,Dejounte Murray,NOP,2024-25,Achilles
2026-03-11,NOP vs. TOR,W,31,27,5,6,2,0,4,After,7,2025-01-31,18.6,6.4,5.2,1.6,0.2,2.8,Dejounte Murray,NOP,2024-25,Achilles
2026-03-13,NOP @ HOU,L,31,35,7,4,1,0,2,After,8,2025-01-31,22.2,6.8,5.0,1.6,0.2,2.8,Dejounte Murray,NOP,2024-25,Achilles
2026-03-18,NOP vs. LAC,W,30,17,4,11,1,0,6,After,9,2025-01-31,22.6,6.0,5.6,1.6,0.0,3.4,Dejounte Murray,NOP,2024-25,Achilles
2026-03-21,NOP vs. CLE,L,30,12,3,9,1,0,2,After,10,2025-01-31,22.0,5.0,6.4,1.4,0.0,3.2,Dejounte Murray,NOP,2024-25,Achilles
2026-03-24,NOP @ NYK,L,28,7,5,12,1,0,1,After,11,2025-01-31,19.6,4.8,8.4,1.2,0.0,3.0,Dejounte Murray,NOP,2024-25,Achilles
2026-03-26,NOP @ DET,L,29,12,7,4,3,0,5,After,12,2025-01-31,16.6,5.2,8.0,1.4,0.0,3.2,Dejounte Murray,NOP,2024-25,Achilles
2026-03-29,NOP vs. HOU,L,28,19,4,6,1,1,1,After,13,2025-01-31,13.4,4.6,8.4,1.4,0.2,3.0,Dejounte Murray,NOP,2024-25,Achilles
2026-04-02,NOP @ POR,L,28,9,8,5,2,0,5,After,14,2025-01-31,11.8,5.4,7.2,1.6,0.2,2.8,Dejounte Murray,NOP,2024-25,Achilles
2024-10-24,SAS @ DAL,L,28,17,9,1,0,1,4,Before,-46,2025-02-12,17.0,9.0,1.0,0.0,1.0,4.0,Victor Wembanyama,SAS,2024-25,Shoulder (DVT)
2024-10-26,SAS vs. HOU,W,30,29,7,1,0,3,3,Before,-45,2025-02-12,23.0,8.0,1.0,0.0,2.0,3.5,Victor Wembanyama,SAS,2024-25,Shoulder (DVT)
2024-10-28,SAS vs. HOU,L,35,14,20,5,0,4,4,Before,-44,2025-02-12,20.0,12.0,2.3333333333333335,0.0,2.6666666666666665,3.6666666666666665,Victor Wembanyama,SAS,2024-25,Shoulder (DVT)
2024-10-30,SAS @ OKC,L,27,6,8,2,0,3,4,Before,-43,2025-02-12,16.5,11.0,2.25,0.0,2.75,3.75,Victor Wembanyama,SAS,2024-25,Shoulder (DVT)
2024-10-31,SAS @ UTA,W,34,25,9,7,5,5,3,Before,-42,2025-02-12,18.2,10.6,3.2,1.0,3.2,3.6,Victor Wembanyama,SAS,2024-25,Shoulder (DVT)
2024-11-02,SAS vs. MIN,W,31,17,6,3,1,2,3,Before,-41,2025-02-12,18.2,10.0,3.6,1.2,3.4,3.4,Victor Wembanyama,SAS,2024-25,Shoulder (DVT)
2024-11-04,SAS @ LAC,L,34,24,13,3,3,9,2,Before,-40,2025-02-12,17.2,11.2,4.0,1.8,4.6,3.2,Victor Wembanyama,SAS,2024-25,Shoulder (DVT)
2024-11-06,SAS @ HOU,L,25,15,6,0,1,3,4,Before,-39,2025-02-12,17.4,8.4,3.0,2.0,4.4,3.2,Victor Wembanyama,SAS,2024-25,Shoulder (DVT)
2024-11-07,SAS vs. POR,W,32,12,8,2,4,3,4,Before,-38,2025-02-12,18.6,8.4,3.0,2.8,4.4,3.2,Victor Wembanyama,SAS,2024-25,Shoulder (DVT)
2024-11-09,SAS vs. UTA,L,33,24,16,0,0,7,6,Before,-37,2025-02-12,18.4,9.8,1.6,1.8,4.8,3.8,Victor Wembanyama,SAS,2024-25,Shoulder (DVT)
2024-11-11,SAS vs. SAC,W,34,34,14,6,1,3,3,Before,-36,2025-02-12,21.8,11.4,2.2,1.8,5.0,3.8,Victor Wembanyama,SAS,2024-25,Shoulder (DVT)
2024-11-13,SAS vs. WAS,W,32,50,6,2,1,3,1,Before,-35,2025-02-12,27.0,10.0,2.0,1.4,3.8,3.6,Victor Wembanyama,SAS,2024-25,Shoulder (DVT)
2024-11-15,SAS vs. LAL,L,34,28,14,5,1,2,5,Before,-34,2025-02-12,29.6,11.6,3.0,1.4,3.6,3.8,Victor Wembanyama,SAS,2024-25,Shoulder (DVT)
2024-11-23,SAS vs. GSW,W,34,25,7,9,1,3,4,Before,-33,2025-02-12,32.2,11.4,4.4,0.8,3.6,3.8,Victor Wembanyama,SAS,2024-25,Shoulder (DVT)
2024-11-26,SAS @ UTA,W,37,34,7,2,1,3,2,Before,-32,2025-02-12,34.2,9.6,4.8,1.0,2.8,3.0,Victor Wembanyama,SAS,2024-25,Shoulder (DVT)
2024-11-27,SAS vs. LAL,L,33,20,10,2,2,3,4,Before,-31,2025-02-12,31.4,8.8,4.0,1.2,2.8,3.2,Victor Wembanyama,SAS,2024-25,Shoulder (DVT)
2024-12-01,SAS @ SAC,W,37,34,14,11,1,3,5,Before,-30,2025-02-12,28.2,10.4,5.8,1.2,2.8,4.0,Victor Wembanyama,SAS,2024-25,Shoulder (DVT)
2024-12-03,SAS @ PHX,L,34,15,13,7,1,1,4,Before,-29,2025-02-12,25.6,10.2,6.2,1.2,2.6,3.8,Victor Wembanyama,SAS,2024-25,Shoulder (DVT)
2024-12-08,SAS vs. NOP,W,26,25,10,1,0,3,3,Before,-28,2025-02-12,25.6,10.8,4.6,1.0,2.6,3.6,Victor Wembanyama,SAS,2024-25,Shoulder (DVT)
2024-12-13,SAS @ POR,W,34,28,7,7,1,2,3,Before,-27,2025-02-12,24.4,10.8,5.6,1.0,2.4,3.8,Victor Wembanyama,SAS,2024-25,Shoulder (DVT)
2024-12-15,SAS vs. MIN,L,33,20,12,5,0,7,4,Before,-26,2025-02-12,24.4,11.2,6.2,0.6,3.2,3.8,Victor Wembanyama,SAS,2024-25,Shoulder (DVT)
2024-12-19,SAS vs. ATL,W,37,42,6,5,2,4,5,Before,-25,2025-02-12,26.0,9.6,5.0,0.8,3.4,3.8,Victor Wembanyama,SAS,2024-25,Shoulder (DVT)
2024-12-21,SAS vs. POR,W,30,30,7,3,0,10,1,Before,-24,2025-02-12,29.0,8.4,4.2,0.6,5.2,3.2,Victor Wembanyama,SAS,2024-25,Shoulder (DVT)
2024-12-23,SAS @ PHI,L,37,26,9,4,0,8,5,Before,-23,2025-02-12,29.2,8.2,4.8,0.6,6.2,3.6,Victor Wembanyama,SAS,2024-25,Shoulder (DVT)
2024-12-25,SAS @ NYK,L,40,42,18,4,1,4,4,Before,-22,2025-02-12,32.0,10.4,4.2,0.6,6.6,3.8,Victor Wembanyama,SAS,2024-25,Shoulder (DVT)
2024-12-27,SAS @ BKN,W,35,19,7,4,0,6,3,Before,-21,2025-02-12,31.8,9.4,4.0,0.6,6.4,3.6,Victor Wembanyama,SAS,2024-25,Shoulder (DVT)
2024-12-29,SAS @ MIN,L,37,34,8,2,1,2,1,Before,-20,2025-02-12,30.2,9.8,3.4,0.4,6.0,2.8,Victor Wembanyama,SAS,2024-25,Shoulder (DVT)
2024-12-31,SAS vs. LAC,W,26,27,9,5,1,3,2,Before,-19,2025-02-12,29.6,10.2,3.8,0.6,4.6,3.0,Victor Wembanyama,SAS,2024-25,Shoulder (DVT)
2025-01-03,SAS @ DEN,W,33,35,18,4,1,2,7,Before,-18,2025-02-12,31.4,12.0,3.8,0.8,3.4,3.4,Victor Wembanyama,SAS,2024-25,Shoulder (DVT)
2025-01-04,SAS vs. DEN,L,39,20,23,3,1,4,4,Before,-17,2025-02-12,27.0,13.0,3.6,0.8,3.4,3.4,Victor Wembanyama,SAS,2024-25,Shoulder (DVT)
2025-01-06,SAS @ CHI,L,35,23,14,4,0,8,5,Before,-16,2025-02-12,27.8,14.4,3.6,0.8,3.8,3.8,Victor Wembanyama,SAS,2024-25,Shoulder (DVT)
2025-01-08,SAS @ MIL,L,33,10,10,1,2,3,3,Before,-15,2025-02-12,23.0,14.8,3.4,1.0,4.0,4.2,Victor Wembanyama,SAS,2024-25,Shoulder (DVT)
2025-01-13,SAS @ LAL,W,34,23,8,5,3,2,1,Before,-14,2025-02-12,22.2,14.6,3.4,1.4,3.8,4.0,Victor Wembanyama,SAS,2024-25,Shoulder (DVT)
2025-01-15,SAS vs. MEM,L,37,13,12,2,2,8,1,Before,-13,2025-02-12,17.8,13.4,3.0,1.6,5.0,2.8,Victor Wembanyama,SAS,2024-25,Shoulder (DVT)
2025-01-17,SAS vs. MEM,L,31,19,12,3,1,6,4,Before,-12,2025-02-12,17.6,11.2,3.0,1.6,5.4,2.8,Victor Wembanyama,SAS,2024-25,Shoulder (DVT)
2025-01-19,SAS @ MIA,L,30,21,10,3,0,1,3,Before,-11,2025-02-12,17.2,10.4,2.8,1.6,4.0,2.4,Victor Wembanyama,SAS,2024-25,Shoulder (DVT)
2025-01-23,SAS @ IND,W,32,30,11,6,1,5,4,Before,-10,2025-02-12,21.2,10.6,3.8,1.4,4.4,2.6,Victor Wembanyama,SAS,2024-25,Shoulder (DVT)
2025-01-25,SAS vs. IND,L,36,20,12,2,2,1,4,Before,-9,2025-02-12,20.6,11.4,3.2,1.2,4.2,3.2,Victor Wembanyama,SAS,2024-25,Shoulder (DVT)
2025-01-29,SAS vs. LAC,L,35,23,12,4,2,3,3,Before,-8,2025-02-12,22.6,11.4,3.6,1.2,3.2,3.6,Victor Wembanyama,SAS,2024-25,Shoulder (DVT)
2025-01-31,SAS vs. MIL,W,31,30,14,1,0,6,1,Before,-7,2025-02-12,24.8,11.8,3.2,1.0,3.2,3.0,Victor Wembanyama,SAS,2024-25,Shoulder (DVT)
2025-02-03,SAS @ MEM,L,31,27,10,5,2,2,4,Before,-6,2025-02-12,26.0,11.8,3.6,1.4,3.4,3.2,Victor Wembanyama,SAS,2024-25,Shoulder (DVT)
2025-02-05,SAS @ ATL,W,31,24,12,2,0,1,1,Before,-5,2025-02-12,24.8,12.0,2.8,1.2,2.6,2.6,Victor Wembanyama,SAS,2024-25,Shoulder (DVT)
2025-02-07,SAS @ CHA,L,34,16,11,3,0,5,1,Before,-4,2025-02-12,24.0,11.8,3.0,0.8,3.4,2.0,Victor Wembanyama,SAS,2024-25,Shoulder (DVT)
2025-02-08,SAS @ ORL,L,31,18,9,4,4,4,4,Before,-3,2025-02-12,23.0,11.2,3.0,1.2,3.6,2.2,Victor Wembanyama,SAS,2024-25,Shoulder (DVT)
2025-02-10,SAS @ WAS,W,38,31,15,4,2,3,1,Before,-2,2025-02-12,23.2,11.4,3.6,1.6,3.0,2.2,Victor Wembanyama,SAS,2024-25,Shoulder (DVT)
2025-02-12,SAS @ BOS,L,36,17,13,4,0,2,2,Before,-1,2025-02-12,21.2,12.0,3.4,1.2,3.0,1.8,Victor Wembanyama,SAS,2024-25,Shoulder (DVT)
2025-10-22,SAS @ DAL,W,30,40,15,1,1,3,0,After,1,2025-02-12,40.0,15.0,1.0,1.0,3.0,0.0,Victor Wembanyama,SAS,2024-25,Shoulder (DVT)
2025-10-24,SAS @ NOP,W,32,29,11,2,1,9,0,After,2,2025-02-12,34.5,13.0,1.5,1.0,6.0,0.0,Victor Wembanyama,SAS,2024-25,Shoulder (DVT)
2025-10-26,SAS vs. BKN,W,36,31,14,4,3,6,2,After,3,2025-02-12,33.333333333333336,13.333333333333334,2.3333333333333335,1.6666666666666667,6.0,0.6666666666666666,Victor Wembanyama,SAS,2024-25,Shoulder (DVT)
2025-10-27,SAS vs. TOR,W,31,24,15,4,1,1,4,After,4,2025-02-12,31.0,13.75,2.75,1.5,4.75,1.5,Victor Wembanyama,SAS,2024-25,Shoulder (DVT)
2025-10-30,SAS vs. MIA,W,40,27,18,6,1,5,3,After,5,2025-02-12,30.2,14.6,3.4,1.4,4.8,1.8,Victor Wembanyama,SAS,2024-25,Shoulder (DVT)
2025-11-02,SAS @ PHX,L,34,9,9,2,1,4,6,After,6,2025-02-12,24.0,13.4,3.6,1.4,5.0,3.0,Victor Wembanyama,SAS,2024-25,Shoulder (DVT)
2025-11-05,SAS @ LAL,L,33,19,8,3,1,1,5,After,7,2025-02-12,22.0,12.8,3.8,1.4,3.4,4.0,Victor Wembanyama,SAS,2024-25,Shoulder (DVT)
2025-11-07,SAS vs. HOU,W,37,22,8,4,1,2,4,After,8,2025-02-12,20.2,11.6,3.8,1.0,2.6,4.4,Victor Wembanyama,SAS,2024-25,Shoulder (DVT)
2025-11-08,SAS vs. NOP,W,32,18,18,3,1,3,5,After,9,2025-02-12,19.0,12.2,3.6,1.0,3.0,4.6,Victor Wembanyama,SAS,2024-25,Shoulder (DVT)
2025-11-10,SAS @ CHI,W,36,38,12,5,1,5,3,After,10,2025-02-12,21.2,11.0,3.4,1.0,3.0,4.6,Victor Wembanyama,SAS,2024-25,Shoulder (DVT)
2025-11-12,SAS vs. GSW,L,36,31,15,10,0,1,8,After,11,2025-02-12,25.6,12.2,5.0,0.8,2.4,5.0,Victor Wembanyama,SAS,2024-25,Shoulder (DVT)
2025-11-14,SAS vs. GSW,L,38,26,12,4,1,3,3,After,12,2025-02-12,27.0,13.0,5.2,0.8,2.8,4.6,Victor Wembanyama,SAS,2024-25,Shoulder (DVT)
2025-12-13,SAS @ OKC,W,21,22,9,2,1,2,5,After,13,2025-02-12,27.0,13.2,4.8,0.8,2.8,4.8,Victor Wembanyama,SAS,2024-25,Shoulder (DVT)
2025-12-18,SAS vs. WAS,W,17,15,8,4,0,4,2,After,14,2025-02-12,26.4,11.2,5.0,0.6,3.0,4.2,Victor Wembanyama,SAS,2024-25,Shoulder (DVT)
2025-12-19,SAS @ ATL,W,21,26,12,3,1,2,2,After,15,2025-02-12,24.0,11.2,4.6,0.6,2.4,4.0,Victor Wembanyama,SAS,2024-25,Shoulder (DVT)
2025-12-21,SAS @ WAS,W,22,14,12,2,0,2,2,After,16,2025-02-12,20.6,10.6,3.0,0.6,2.6,2.8,Victor Wembanyama,SAS,2024-25,Shoulder (DVT)
2025-12-23,SAS vs. OKC,W,23,12,5,3,0,0,3,After,17,2025-02-12,17.8,9.2,2.8,0.4,2.0,2.8,Victor Wembanyama,SAS,2024-25,Shoulder (DVT)
2025-12-25,SAS @ OKC,W,26,19,11,2,1,1,3,After,18,2025-02-12,17.2,9.6,2.8,0.4,1.8,2.4,Victor Wembanyama,SAS,2024-25,Shoulder (DVT)
2025-12-27,SAS vs. UTA,L,28,32,7,3,0,5,3,After,19,2025-02-12,20.6,9.4,2.6,0.4,2.0,2.6,Victor Wembanyama,SAS,2024-25,Shoulder (DVT)
2025-12-29,SAS vs. CLE,L,27,26,14,3,1,1,2,After,20,2025-02-12,20.6,9.8,2.6,0.4,1.8,2.6,Victor Wembanyama,SAS,2024-25,Shoulder (DVT)
2025-12-31,SAS vs. NYK,W,24,31,13,1,0,1,3,After,21,2025-02-12,24.0,10.0,2.4,0.4,1.6,2.8,Victor Wembanyama,SAS,2024-25,Shoulder (DVT)
2026-01-06,SAS @ MEM,L,21,30,5,3,1,1,2,After,22,2025-02-12,27.6,10.0,2.4,0.6,1.8,2.6,Victor Wembanyama,SAS,2024-25,Shoulder (DVT)
2026-01-07,SAS vs. LAL,W,26,16,14,2,2,4,4,After,23,2025-02-12,27.0,10.6,2.4,0.8,2.4,2.8,Victor Wembanyama,SAS,2024-25,Shoulder (DVT)
2026-01-10,SAS @ BOS,W,26,21,6,1,0,3,0,After,24,2025-02-12,24.8,10.4,2.0,0.8,2.0,2.2,Victor Wembanyama,SAS,2024-25,Shoulder (DVT)
2026-01-11,SAS @ MIN,L,27,29,7,1,3,0,1,After,25,2025-02-12,25.4,9.0,1.6,1.2,1.8,2.0,Victor Wembanyama,SAS,2024-25,Shoulder (DVT)
2026-01-13,SAS @ OKC,L,28,17,7,1,0,1,1,After,26,2025-02-12,22.6,7.8,1.6,1.2,1.8,1.6,Victor Wembanyama,SAS,2024-25,Shoulder (DVT)
2026-01-15,SAS vs. MIL,W,22,22,10,1,0,2,1,After,27,2025-02-12,21.0,8.8,1.2,1.0,2.0,1.4,Victor Wembanyama,SAS,2024-25,Shoulder (DVT)
2026-01-17,SAS vs. MIN,W,31,39,9,3,0,2,2,After,28,2025-02-12,25.6,7.8,1.4,0.6,1.6,1.0,Victor Wembanyama,SAS,2024-25,Shoulder (DVT)
2026-01-19,SAS vs. UTA,W,26,33,10,1,2,2,1,After,29,2025-02-12,28.0,8.6,1.4,1.0,1.4,1.2,Victor Wembanyama,SAS,2024-25,Shoulder (DVT)
2026-01-20,SAS @ HOU,L,30,14,10,2,0,0,1,After,30,2025-02-12,25.0,9.2,1.6,0.4,1.4,1.2,Victor Wembanyama,SAS,2024-25,Shoulder (DVT)
2026-01-22,SAS @ UTA,W,33,26,14,3,1,5,3,After,31,2025-02-12,26.8,10.6,2.0,0.6,2.2,1.6,Victor Wembanyama,SAS,2024-25,Shoulder (DVT)
2026-01-25,SAS vs. NOP,L,31,16,16,0,0,4,3,After,32,2025-02-12,25.6,11.8,1.8,0.6,2.6,2.0,Victor Wembanyama,SAS,2024-25,Shoulder (DVT)
2026-01-28,SAS @ HOU,W,29,28,16,3,2,5,4,After,33,2025-02-12,23.4,13.2,1.8,1.0,3.2,2.4,Victor Wembanyama,SAS,2024-25,Shoulder (DVT)
2026-01-31,SAS @ CHA,L,31,16,8,1,1,0,2,After,34,2025-02-12,20.0,12.8,1.8,0.8,2.8,2.6,Victor Wembanyama,SAS,2024-25,Shoulder (DVT)
2026-02-01,SAS vs. ORL,W,28,25,8,2,4,5,2,After,35,2025-02-12,22.2,12.4,1.8,1.6,3.8,2.8,Victor Wembanyama,SAS,2024-25,Shoulder (DVT)
2026-02-04,SAS vs. OKC,W,28,22,14,2,0,2,2,After,36,2025-02-12,21.4,12.4,1.6,1.4,3.2,2.6,Victor Wembanyama,SAS,2024-25,Shoulder (DVT)
2026-02-05,SAS @ DAL,W,34,29,11,6,2,3,3,After,37,2025-02-12,24.0,11.4,2.8,1.8,3.0,2.6,Victor Wembanyama,SAS,2024-25,Shoulder (DVT)
2026-02-07,SAS vs. DAL,W,27,16,11,1,0,3,0,After,38,2025-02-12,21.6,10.4,2.4,1.4,2.6,1.8,Victor Wembanyama,SAS,2024-25,Shoulder (DVT)
2026-02-10,SAS @ LAL,W,26,40,12,2,2,1,4,After,39,2025-02-12,26.4,11.2,2.6,1.6,2.8,2.2,Victor Wembanyama,SAS,2024-25,Shoulder (DVT)
2026-02-11,SAS @ GSW,W,33,26,9,4,1,2,1,After,40,2025-02-12,26.6,11.4,3.0,1.0,2.2,2.0,Victor Wembanyama,SAS,2024-25,Shoulder (DVT)
2026-02-19,SAS vs. PHX,W,25,17,11,4,1,5,1,After,41,2025-02-12,25.6,10.8,3.4,1.2,2.8,1.8,Victor Wembanyama,SAS,2024-25,Shoulder (DVT)
2026-02-21,SAS vs. SAC,W,30,28,15,6,1,4,1,After,42,2025-02-12,25.4,11.6,3.4,1.0,3.0,1.4,Victor Wembanyama,SAS,2024-25,Shoulder (DVT)
2026-02-23,SAS @ DET,W,36,21,17,4,1,6,3,After,43,2025-02-12,26.4,12.8,4.0,1.2,3.6,2.0,Victor Wembanyama,SAS,2024-25,Shoulder (DVT)
2026-02-25,SAS @ TOR,W,30,12,8,3,1,5,3,After,44,2025-02-12,20.8,12.0,4.2,1.0,4.4,1.8,Victor Wembanyama,SAS,2024-25,Shoulder (DVT)
2026-02-26,SAS @ BKN,W,26,12,8,5,2,2,1,After,45,2025-02-12,18.0,11.8,4.4,1.2,4.4,1.8,Victor Wembanyama,SAS,2024-25,Shoulder (DVT)
2026-03-01,SAS @ NYK,L,34,25,13,2,0,4,7,After,46,2025-02-12,19.6,12.2,4.0,1.0,4.2,3.0,Victor Wembanyama,SAS,2024-25,Shoulder (DVT)
2026-03-03,SAS @ PHI,W,24,10,8,4,3,6,3,After,47,2025-02-12,16.0,10.8,3.6,1.4,4.6,3.4,Victor Wembanyama,SAS,2024-25,Shoulder (DVT)
2026-03-05,SAS vs. DET,W,39,38,16,3,0,5,0,After,48,2025-02-12,19.4,10.6,3.4,1.2,4.4,2.8,Victor Wembanyama,SAS,2024-25,Shoulder (DVT)
2026-03-06,SAS vs. LAC,W,22,27,10,1,1,4,1,After,49,2025-02-12,22.4,11.0,3.0,1.2,4.2,2.4,Victor Wembanyama,SAS,2024-25,Shoulder (DVT)
2026-03-08,SAS vs. HOU,W,30,29,8,1,2,4,0,After,50,2025-02-12,25.8,11.0,2.2,1.2,4.6,2.2,Victor Wembanyama,SAS,2024-25,Shoulder (DVT)
2026-03-10,SAS vs. BOS,W,37,39,11,3,1,2,6,After,51,2025-02-12,28.6,10.6,2.4,1.4,4.2,2.0,Victor Wembanyama,SAS,2024-25,Shoulder (DVT)
2026-03-14,SAS vs. CHA,W,31,32,12,8,2,4,2,After,52,2025-02-12,33.0,11.4,3.2,1.2,3.8,1.8,Victor Wembanyama,SAS,2024-25,Shoulder (DVT)
2026-03-16,SAS @ LAC,W,34,21,13,2,1,4,3,After,53,2025-02-12,29.6,10.8,3.0,1.4,3.6,2.4,Victor Wembanyama,SAS,2024-25,Shoulder (DVT)
2026-03-17,SAS @ SAC,W,22,18,8,3,0,1,0,After,54,2025-02-12,27.8,10.4,3.4,1.2,3.0,2.2,Victor Wembanyama,SAS,2024-25,Shoulder (DVT)
2026-03-19,SAS vs. PHX,W,35,34,12,1,3,1,3,After,55,2025-02-12,28.8,11.2,3.4,1.4,2.4,2.8,Victor Wembanyama,SAS,2024-25,Shoulder (DVT)
2026-03-21,SAS vs. IND,W,26,20,8,6,1,5,2,After,56,2025-02-12,25.0,10.6,4.0,1.4,3.0,2.0,Victor Wembanyama,SAS,2024-25,Shoulder (DVT)
2026-03-23,SAS @ MIA,W,26,26,15,4,0,5,2,After,57,2025-02-12,23.8,11.2,3.2,1.0,3.2,2.0,Victor Wembanyama,SAS,2024-25,Shoulder (DVT)
2026-03-25,SAS @ MEM,W,27,19,15,3,3,7,2,After,58,2025-02-12,23.4,11.6,3.4,1.4,3.8,1.8,Victor Wembanyama,SAS,2024-25,Shoulder (DVT)
2026-03-28,SAS @ MIL,W,31,23,15,6,2,1,3,After,59,2025-02-12,24.4,13.0,4.0,1.8,3.8,2.4,Victor Wembanyama,SAS,2024-25,Shoulder (DVT)
2026-03-30,SAS vs. CHI,W,30,41,16,4,1,3,2,After,60,2025-02-12,25.8,13.8,4.6,1.4,4.2,2.2,Victor Wembanyama,SAS,2024-25,Shoulder (DVT)
2026-04-01,SAS @ GSW,W,29,41,18,3,0,3,0,After,61,2025-02-12,30.0,15.8,4.0,1.2,3.8,1.8,Victor Wembanyama,SAS,2024-25,Shoulder (DVT)
2026-04-04,SAS @ DEN,L,40,34,18,7,1,5,1,After,62,2025-02-12,31.6,16.4,4.6,1.4,3.8,1.6,Victor Wembanyama,SAS,2024-25,Shoulder (DVT)
2026-04-06,SAS vs. PHI,W,16,17,5,1,0,3,2,After,63,2025-02-12,31.2,14.4,4.2,0.8,3.0,1.6,Victor Wembanyama,SAS,2024-25,Shoulder (DVT)
2026-04-10,SAS vs. DAL,W,26,40,13,5,1,2,2,After,64,2025-02-12,34.6,14.0,4.0,0.6,3.2,1.4,Victor Wembanyama,SAS,2024-25,Shoulder (DVT)
2024-10-24,OKC @ DEN,W,34,12,3,3,0,2,5,Before,-69,2025-04-09,12.0,3.0,3.0,0.0,2.0,5.0,Jalen Williams,OKC,2024-25,Wrist
2024-10-26,OKC @ CHI,W,32,24,9,8,0,0,2,Before,-68,2025-04-09,18.0,6.0,5.5,0.0,1.0,3.5,Jalen Williams,OKC,2024-25,Wrist
2024-10-27,OKC vs. ATL,W,33,20,9,5,2,0,0,Before,-67,2025-04-09,18.666666666666668,7.0,5.333333333333333,0.6666666666666666,0.6666666666666666,2.3333333333333335,Jalen Williams,OKC,2024-25,Wrist
2024-10-30,OKC vs. SAS,W,27,12,7,8,4,1,1,Before,-66,2025-04-09,17.0,7.0,6.0,1.5,0.75,2.0,Jalen Williams,OKC,2024-25,Wrist
2024-11-01,OKC @ POR,W,26,22,5,4,4,0,3,Before,-65,2025-04-09,18.0,6.6,5.6,2.0,0.6,2.2,Jalen Williams,OKC,2024-25,Wrist
2024-11-02,OKC @ LAC,W,34,15,7,4,2,0,4,Before,-64,2025-04-09,18.6,7.4,5.8,2.4,0.2,2.0,Jalen Williams,OKC,2024-25,Wrist
2024-11-04,OKC vs. ORL,W,35,23,4,1,3,1,1,Before,-63,2025-04-09,18.4,6.4,4.4,3.0,0.4,1.8,Jalen Williams,OKC,2024-25,Wrist
2024-11-06,OKC @ DEN,L,36,29,10,9,3,0,1,Before,-62,2025-04-09,20.2,6.6,5.2,3.2,0.4,2.0,Jalen Williams,OKC,2024-25,Wrist
2024-11-08,OKC vs. HOU,W,32,14,5,3,0,1,3,Before,-61,2025-04-09,20.6,6.2,4.2,2.4,0.4,2.4,Jalen Williams,OKC,2024-25,Wrist
2024-11-10,OKC vs. GSW,L,31,20,3,4,1,4,4,Before,-60,2025-04-09,20.2,5.8,4.2,1.8,1.2,2.6,Jalen Williams,OKC,2024-25,Wrist
2024-11-11,OKC vs. LAC,W,35,28,8,6,2,0,2,Before,-59,2025-04-09,22.8,6.0,4.6,1.8,1.2,2.2,Jalen Williams,OKC,2024-25,Wrist
2024-11-13,OKC vs. NOP,W,31,31,6,7,4,2,2,Before,-58,2025-04-09,24.4,6.4,5.8,2.0,1.4,2.4,Jalen Williams,OKC,2024-25,Wrist
2024-11-15,OKC vs. PHX,W,30,14,8,3,2,2,1,Before,-57,2025-04-09,21.4,6.0,4.6,1.8,1.8,2.4,Jalen Williams,OKC,2024-25,Wrist
2024-11-17,OKC vs. DAL,L,35,27,5,5,1,1,1,Before,-56,2025-04-09,24.0,6.0,5.0,2.0,1.8,2.0,Jalen Williams,OKC,2024-25,Wrist
2024-11-19,OKC @ SAS,L,34,27,10,5,5,0,1,Before,-55,2025-04-09,25.4,7.4,5.2,2.8,1.0,1.4,Jalen Williams,OKC,2024-25,Wrist
2024-11-20,OKC vs. POR,W,36,30,7,8,2,2,3,Before,-54,2025-04-09,25.8,7.2,5.6,2.8,1.4,1.6,Jalen Williams,OKC,2024-25,Wrist
2024-11-25,OKC @ SAC,W,32,28,4,5,2,1,5,Before,-53,2025-04-09,25.2,6.8,5.2,2.4,1.2,2.2,Jalen Williams,OKC,2024-25,Wrist
2024-11-27,OKC @ GSW,W,16,13,6,7,2,1,2,Before,-52,2025-04-09,25.0,6.4,6.0,2.4,1.0,2.4,Jalen Williams,OKC,2024-25,Wrist
2024-11-29,OKC @ LAL,W,34,19,4,2,2,0,3,Before,-51,2025-04-09,23.4,6.2,5.4,2.6,0.8,2.8,Jalen Williams,OKC,2024-25,Wrist
2024-12-01,OKC @ HOU,L,37,22,5,7,1,1,1,Before,-50,2025-04-09,22.4,5.2,5.8,1.8,1.0,2.8,Jalen Williams,OKC,2024-25,Wrist
2024-12-03,OKC vs. UTA,W,28,28,2,5,3,0,0,Before,-49,2025-04-09,22.0,4.2,5.2,2.0,0.6,2.2,Jalen Williams,OKC,2024-25,Wrist
2024-12-05,OKC @ TOR,W,28,20,7,2,0,0,0,Before,-48,2025-04-09,20.4,4.8,4.6,1.6,0.4,1.2,Jalen Williams,OKC,2024-25,Wrist
2024-12-07,OKC @ NOP,W,35,27,6,5,4,0,4,Before,-47,2025-04-09,23.2,4.8,4.2,2.0,0.2,1.6,Jalen Williams,OKC,2024-25,Wrist
2024-12-10,OKC vs. DAL,W,32,18,7,4,0,1,4,Before,-46,2025-04-09,23.0,5.4,4.6,1.6,0.4,1.8,Jalen Williams,OKC,2024-25,Wrist
2024-12-14,OKC vs. HOU,W,39,20,5,5,1,0,3,Before,-45,2025-04-09,22.6,5.4,4.2,1.6,0.2,2.2,Jalen Williams,OKC,2024-25,Wrist
2024-12-19,OKC @ ORL,W,36,11,1,7,0,0,3,Before,-44,2025-04-09,19.2,5.2,4.6,1.0,0.2,2.8,Jalen Williams,OKC,2024-25,Wrist
2024-12-20,OKC @ MIA,W,36,33,6,4,0,1,4,Before,-43,2025-04-09,21.8,5.0,5.0,1.0,0.4,3.6,Jalen Williams,OKC,2024-25,Wrist
2024-12-23,OKC vs. WAS,W,29,17,7,4,1,0,2,Before,-42,2025-04-09,19.8,5.2,4.8,0.4,0.4,3.2,Jalen Williams,OKC,2024-25,Wrist
2024-12-26,OKC @ IND,W,36,20,4,5,0,0,2,Before,-41,2025-04-09,20.2,4.6,5.0,0.4,0.2,2.8,Jalen Williams,OKC,2024-25,Wrist
2024-12-28,OKC @ CHA,W,34,20,3,6,1,0,1,Before,-40,2025-04-09,20.2,4.2,5.2,0.4,0.2,2.4,Jalen Williams,OKC,2024-25,Wrist
2024-12-29,OKC vs. MEM,W,26,14,10,8,2,1,2,Before,-39,2025-04-09,20.8,6.0,5.4,0.8,0.4,2.2,Jalen Williams,OKC,2024-25,Wrist
2024-12-31,OKC vs. MIN,W,38,14,7,7,3,0,3,Before,-38,2025-04-09,17.0,6.2,6.0,1.4,0.2,2.0,Jalen Williams,OKC,2024-25,Wrist
2025-01-02,OKC vs. LAC,W,30,18,3,4,2,1,2,Before,-37,2025-04-09,17.2,5.4,6.0,1.6,0.4,2.0,Jalen Williams,OKC,2024-25,Wrist
2025-01-03,OKC vs. NYK,W,38,20,4,5,2,1,0,Before,-36,2025-04-09,17.2,5.4,6.0,2.0,0.6,1.6,Jalen Williams,OKC,2024-25,Wrist
2025-01-05,OKC vs. BOS,W,35,10,6,5,1,0,4,Before,-35,2025-04-09,15.2,6.0,5.8,2.0,0.6,2.2,Jalen Williams,OKC,2024-25,Wrist
2025-01-08,OKC @ CLE,L,36,25,5,9,3,1,3,Before,-34,2025-04-09,17.4,5.0,6.0,2.2,0.6,2.4,Jalen Williams,OKC,2024-25,Wrist
2025-01-10,OKC @ NYK,W,33,19,4,5,1,2,1,Before,-33,2025-04-09,18.4,4.4,5.6,1.8,1.0,2.0,Jalen Williams,OKC,2024-25,Wrist
2025-01-12,OKC @ WAS,W,21,17,6,2,0,0,3,Before,-32,2025-04-09,18.2,5.0,5.2,1.4,0.8,2.2,Jalen Williams,OKC,2024-25,Wrist
2025-01-14,OKC @ PHI,W,34,24,4,6,3,1,4,Before,-31,2025-04-09,19.0,5.0,5.4,1.6,0.8,3.0,Jalen Williams,OKC,2024-25,Wrist
2025-01-16,OKC vs. CLE,W,30,19,6,5,3,2,0,Before,-30,2025-04-09,20.8,5.0,5.4,2.0,1.2,2.2,Jalen Williams,OKC,2024-25,Wrist
2025-01-17,OKC @ DAL,L,37,19,5,6,0,0,6,Before,-29,2025-04-09,19.6,5.0,4.8,1.4,1.0,2.8,Jalen Williams,OKC,2024-25,Wrist
2025-01-22,OKC vs. UTA,W,36,25,3,2,2,0,2,Before,-28,2025-04-09,20.8,4.8,4.2,1.6,0.6,3.0,Jalen Williams,OKC,2024-25,Wrist
2025-01-23,OKC vs. DAL,L,40,33,4,7,4,1,3,Before,-27,2025-04-09,24.0,4.4,5.2,2.4,0.8,3.0,Jalen Williams,OKC,2024-25,Wrist
2025-01-26,OKC @ POR,W,37,24,4,8,1,2,0,Before,-26,2025-04-09,24.0,4.4,5.6,2.0,1.0,2.2,Jalen Williams,OKC,2024-25,Wrist
2025-01-29,OKC @ GSW,L,34,26,7,2,2,1,1,Before,-25,2025-04-09,25.4,4.6,5.0,1.8,0.8,2.4,Jalen Williams,OKC,2024-25,Wrist
2025-02-05,OKC vs. PHX,W,26,13,3,4,2,0,0,Before,-24,2025-04-09,24.2,4.2,4.6,2.2,0.8,1.2,Jalen Williams,OKC,2024-25,Wrist
2025-02-07,OKC vs. TOR,W,33,27,5,4,0,0,3,Before,-23,2025-04-09,24.6,4.6,5.0,1.8,0.8,1.4,Jalen Williams,OKC,2024-25,Wrist
2025-02-08,OKC @ MEM,W,37,25,6,6,1,1,4,Before,-22,2025-04-09,23.0,5.0,4.8,1.2,0.8,1.6,Jalen Williams,OKC,2024-25,Wrist
2025-02-10,OKC vs. NOP,W,25,16,5,5,2,0,2,Before,-21,2025-04-09,21.4,5.2,4.2,1.4,0.4,2.0,Jalen Williams,OKC,2024-25,Wrist
2025-02-12,OKC vs. MIA,W,31,18,6,3,1,0,2,Before,-20,2025-04-09,19.8,5.0,4.4,1.2,0.2,2.2,Jalen Williams,OKC,2024-25,Wrist
2025-02-13,OKC @ MIN,L,34,20,3,5,1,1,1,Before,-19,2025-04-09,21.2,5.0,4.6,1.0,0.4,2.4,Jalen Williams,OKC,2024-25,Wrist
2025-02-21,OKC @ UTA,W,28,18,9,4,2,1,2,Before,-18,2025-04-09,19.4,5.8,4.6,1.4,0.6,2.2,Jalen Williams,OKC,2024-25,Wrist
2025-02-23,OKC @ MIN,W,36,18,3,9,3,1,3,Before,-17,2025-04-09,18.0,5.2,5.2,1.8,0.6,2.0,Jalen Williams,OKC,2024-25,Wrist
2025-02-24,OKC vs. MIN,L,42,27,6,6,1,1,3,Before,-16,2025-04-09,20.2,5.4,5.4,1.6,0.8,2.2,Jalen Williams,OKC,2024-25,Wrist
2025-02-26,OKC @ BKN,W,34,22,5,4,0,1,2,Before,-15,2025-04-09,21.0,5.2,5.6,1.4,1.0,2.2,Jalen Williams,OKC,2024-25,Wrist
2025-02-28,OKC @ ATL,W,33,20,5,8,1,0,3,Before,-14,2025-04-09,21.0,5.6,6.2,1.4,0.8,2.6,Jalen Williams,OKC,2024-25,Wrist
2025-03-02,OKC @ SAS,W,33,41,6,6,1,1,0,Before,-13,2025-04-09,25.6,5.0,6.6,1.2,0.8,2.2,Jalen Williams,OKC,2024-25,Wrist
2025-03-03,OKC vs. HOU,W,32,24,4,3,1,1,1,Before,-12,2025-04-09,26.8,5.2,5.4,0.8,0.8,1.8,Jalen Williams,OKC,2024-25,Wrist
2025-03-05,OKC @ MEM,W,35,20,5,9,2,1,4,Before,-11,2025-04-09,25.4,5.0,6.0,1.0,0.8,2.0,Jalen Williams,OKC,2024-25,Wrist
2025-03-09,OKC vs. DEN,W,38,26,9,8,2,1,1,Before,-10,2025-04-09,26.2,5.8,6.8,1.4,0.8,1.8,Jalen Williams,OKC,2024-25,Wrist
2025-03-10,OKC vs. DEN,L,14,12,2,6,0,0,1,Before,-9,2025-04-09,24.6,5.2,6.4,1.2,0.8,1.4,Jalen Williams,OKC,2024-25,Wrist
2025-03-27,OKC vs. MEM,W,29,20,5,4,0,0,4,Before,-8,2025-04-09,20.4,5.0,6.0,1.0,0.6,2.2,Jalen Williams,OKC,2024-25,Wrist
2025-03-29,OKC vs. IND,W,29,18,2,6,0,0,2,Before,-7,2025-04-09,19.2,4.6,6.6,0.8,0.4,2.4,Jalen Williams,OKC,2024-25,Wrist
2025-03-31,OKC vs. CHI,W,25,23,4,3,2,0,3,Before,-6,2025-04-09,19.8,4.4,5.4,0.8,0.2,2.2,Jalen Williams,OKC,2024-25,Wrist
2025-04-02,OKC vs. DET,W,33,23,5,3,0,1,2,Before,-5,2025-04-09,19.2,3.6,4.4,0.4,0.2,2.4,Jalen Williams,OKC,2024-25,Wrist
2025-04-04,OKC @ HOU,L,34,33,3,4,2,1,2,Before,-4,2025-04-09,23.4,3.8,4.0,0.8,0.4,2.6,Jalen Williams,OKC,2024-25,Wrist
2025-04-06,OKC vs. LAL,L,28,16,6,3,3,0,0,Before,-3,2025-04-09,22.6,4.0,3.8,1.4,0.4,1.8,Jalen Williams,OKC,2024-25,Wrist
2025-04-08,OKC vs. LAL,W,35,26,4,4,0,0,1,Before,-2,2025-04-09,24.2,4.4,3.4,1.4,0.4,1.6,Jalen Williams,OKC,2024-25,Wrist
2025-04-09,OKC @ PHX,W,36,33,7,5,3,0,2,Before,-1,2025-04-09,26.2,5.0,3.8,1.6,0.4,1.4,Jalen Williams,OKC,2024-25,Wrist
2025-11-28,OKC vs. PHX,W,29,11,4,8,2,1,1,After,1,2025-04-09,11.0,4.0,8.0,2.0,1.0,1.0,Jalen Williams,OKC,2024-25,Wrist
2025-11-30,OKC @ POR,W,34,16,8,5,0,3,1,After,2,2025-04-09,13.5,6.0,6.5,1.0,2.0,1.0,Jalen Williams,OKC,2024-25,Wrist
2025-12-02,OKC @ GSW,W,33,22,3,6,1,1,3,After,3,2025-04-09,16.333333333333332,5.0,6.333333333333333,1.0,1.6666666666666667,1.6666666666666667,Jalen Williams,OKC,2024-25,Wrist
2025-12-05,OKC vs. DAL,W,24,15,8,5,1,0,1,After,4,2025-04-09,16.0,5.75,6.0,1.0,1.25,1.5,Jalen Williams,OKC,2024-25,Wrist
2025-12-07,OKC @ UTA,W,25,25,3,8,2,0,0,After,5,2025-04-09,17.8,5.2,6.4,1.2,1.0,1.2,Jalen Williams,OKC,2024-25,Wrist
2025-12-10,OKC vs. PHX,W,23,15,5,5,1,0,3,After,6,2025-04-09,18.6,5.4,5.8,1.0,0.8,1.6,Jalen Williams,OKC,2024-25,Wrist
2025-12-13,OKC vs. SAS,L,33,17,7,4,4,0,2,After,7,2025-04-09,18.8,5.2,5.6,1.8,0.2,1.8,Jalen Williams,OKC,2024-25,Wrist
2025-12-18,OKC vs. LAC,W,29,20,1,5,2,0,1,After,8,2025-04-09,18.4,4.8,5.4,2.0,0.0,1.4,Jalen Williams,OKC,2024-25,Wrist
2025-12-19,OKC @ MIN,L,32,17,7,2,2,1,4,After,9,2025-04-09,18.8,4.6,4.8,2.2,0.2,2.0,Jalen Williams,OKC,2024-25,Wrist
2025-12-22,OKC vs. MEM,W,34,24,6,2,0,0,2,After,10,2025-04-09,18.6,5.2,3.6,1.8,0.2,2.4,Jalen Williams,OKC,2024-25,Wrist
2025-12-23,OKC @ SAS,L,32,17,6,8,2,0,3,After,11,2025-04-09,19.0,5.4,4.2,2.0,0.2,2.4,Jalen Williams,OKC,2024-25,Wrist
2025-12-25,OKC vs. SAS,L,29,12,2,6,2,0,1,After,12,2025-04-09,18.0,4.4,4.6,1.6,0.2,2.2,Jalen Williams,OKC,2024-25,Wrist
2025-12-28,OKC vs. PHI,W,32,14,4,6,2,0,2,After,13,2025-04-09,16.8,5.0,4.8,1.6,0.2,2.4,Jalen Williams,OKC,2024-25,Wrist
2025-12-29,OKC vs. ATL,W,33,20,8,7,1,1,3,After,14,2025-04-09,17.4,5.2,5.8,1.4,0.2,2.2,Jalen Williams,OKC,2024-25,Wrist
2025-12-31,OKC vs. POR,W,26,13,7,7,3,0,2,After,15,2025-04-09,15.2,5.4,6.8,2.0,0.2,2.2,Jalen Williams,OKC,2024-25,Wrist
2026-01-02,OKC @ GSW,W,21,12,6,2,0,0,1,After,16,2025-04-09,14.2,5.4,5.6,1.6,0.2,1.8,Jalen Williams,OKC,2024-25,Wrist
2026-01-04,OKC @ PHX,L,34,23,4,7,0,0,4,After,17,2025-04-09,16.4,5.8,5.8,1.2,0.2,2.4,Jalen Williams,OKC,2024-25,Wrist
2026-01-05,OKC vs. CHA,L,28,16,2,4,2,0,2,After,18,2025-04-09,16.8,5.4,5.4,1.2,0.2,2.4,Jalen Williams,OKC,2024-25,Wrist
2026-01-07,OKC vs. UTA,W,41,17,6,8,0,0,2,After,19,2025-04-09,16.2,5.0,5.6,1.0,0.0,2.2,Jalen Williams,OKC,2024-25,Wrist
2026-01-09,OKC @ MEM,W,36,26,5,10,1,1,2,After,20,2025-04-09,18.8,4.6,6.2,0.6,0.2,2.2,Jalen Williams,OKC,2024-25,Wrist
2026-01-11,OKC vs. MIA,W,29,18,4,4,2,0,3,After,21,2025-04-09,20.0,4.2,6.6,1.0,0.2,2.6,Jalen Williams,OKC,2024-25,Wrist
2026-01-13,OKC vs. SAS,W,30,20,0,3,2,0,3,After,22,2025-04-09,19.4,3.4,5.8,1.4,0.2,2.4,Jalen Williams,OKC,2024-25,Wrist
2026-01-15,OKC @ HOU,W,31,6,5,10,0,1,0,After,23,2025-04-09,17.4,4.0,7.0,1.0,0.4,2.0,Jalen Williams,OKC,2024-25,Wrist
2026-01-17,OKC @ MIA,L,14,8,3,3,0,0,1,After,24,2025-04-09,15.6,3.4,6.0,1.0,0.4,1.8,Jalen Williams,OKC,2024-25,Wrist
2026-02-09,OKC @ LAL,W,24,23,3,1,1,0,2,After,25,2025-04-09,15.0,3.0,4.2,1.0,0.2,1.8,Jalen Williams,OKC,2024-25,Wrist
2026-02-11,OKC @ PHX,W,20,28,4,5,0,0,1,After,26,2025-04-09,17.0,3.0,4.4,0.6,0.2,1.4,Jalen Williams,OKC,2024-25,Wrist
2026-03-23,OKC @ PHI,W,20,18,4,6,0,0,3,After,27,2025-04-09,16.6,3.8,5.0,0.2,0.2,1.4,Jalen Williams,OKC,2024-25,Wrist
2026-03-25,OKC @ BOS,L,24,7,3,3,0,0,0,After,28,2025-04-09,16.8,3.4,3.6,0.2,0.0,1.4,Jalen Williams,OKC,2024-25,Wrist
2026-03-27,OKC vs. CHI,W,27,18,6,8,1,0,2,After,29,2025-04-09,18.8,4.0,4.6,0.4,0.0,1.6,Jalen Williams,OKC,2024-25,Wrist
2026-03-29,OKC vs. NYK,W,29,22,1,2,1,0,2,After,30,2025-04-09,18.6,3.6,4.8,0.4,0.0,1.6,Jalen Williams,OKC,2024-25,Wrist
2026-04-02,OKC vs. LAL,W,23,10,9,8,2,0,2,After,31,2025-04-09,15.0,4.6,5.4,0.8,0.0,1.8,Jalen Williams,OKC,2024-25,Wrist
2026-04-05,OKC vs. UTA,W,26,15,2,7,0,0,1,After,32,2025-04-09,14.4,4.2,5.6,0.8,0.0,1.4,Jalen Williams,OKC,2024-25,Wrist
2026-04-08,OKC @ LAC,W,32,18,6,6,2,0,3,After,33,2025-04-09,16.6,4.8,6.2,1.2,0.0,2.0,Jalen Williams,OKC,2024-25,Wrist
2024-11-12,PHI vs. NYK,L,26,13,3,5,0,1,2,Before,-19,2025-02-22,13.0,3.0,5.0,0.0,1.0,2.0,Joel Embiid,PHI,2024-25,Knee
2024-11-15,PHI @ ORL,L,33,20,8,2,1,1,6,Before,-18,2025-02-22,16.5,5.5,3.5,0.5,1.0,4.0,Joel Embiid,PHI,2024-25,Knee
2024-11-18,PHI @ MIA,L,31,11,8,5,0,1,2,Before,-17,2025-02-22,14.666666666666666,6.333333333333333,4.0,0.3333333333333333,1.0,3.3333333333333335,Joel Embiid,PHI,2024-25,Knee
2024-11-20,PHI @ MEM,L,35,35,11,2,1,1,3,Before,-16,2025-02-22,19.75,7.5,3.5,0.5,1.0,3.25,Joel Embiid,PHI,2024-25,Knee
2024-12-08,PHI @ CHI,W,33,31,12,4,0,2,6,Before,-15,2025-02-22,22.0,8.4,3.6,0.4,1.2,3.8,Joel Embiid,PHI,2024-25,Knee
2024-12-13,PHI vs. IND,L,17,12,4,5,0,0,1,Before,-14,2025-02-22,21.8,8.6,3.6,0.4,1.0,3.6,Joel Embiid,PHI,2024-25,Knee
2024-12-20,PHI vs. CHA,W,31,34,5,9,2,2,4,Before,-13,2025-02-22,24.6,8.0,5.0,0.6,1.2,3.2,Joel Embiid,PHI,2024-25,Knee
2024-12-23,PHI vs. SAS,W,14,9,3,1,2,0,2,Before,-12,2025-02-22,24.2,7.0,4.2,1.0,1.0,3.2,Joel Embiid,PHI,2024-25,Knee
2024-12-25,PHI @ BOS,W,31,27,9,2,0,0,2,Before,-11,2025-02-22,22.6,6.6,4.2,0.8,0.8,3.0,Joel Embiid,PHI,2024-25,Knee
2024-12-28,PHI @ UTA,W,35,32,5,4,4,3,4,Before,-10,2025-02-22,22.8,5.2,4.2,1.6,1.0,2.6,Joel Embiid,PHI,2024-25,Knee
2024-12-30,PHI @ POR,W,36,37,9,3,0,0,4,Before,-9,2025-02-22,27.8,6.2,3.8,1.6,1.0,3.2,Joel Embiid,PHI,2024-25,Knee
2025-01-02,PHI @ GSW,L,31,28,14,2,1,2,2,Before,-8,2025-02-22,26.6,8.0,2.4,1.4,1.0,2.8,Joel Embiid,PHI,2024-25,Knee
2025-01-04,PHI @ BKN,W,29,28,12,6,0,0,3,Before,-7,2025-02-22,30.4,9.8,3.4,1.0,1.0,3.0,Joel Embiid,PHI,2024-25,Knee
2025-02-04,PHI vs. DAL,W,36,29,11,10,1,0,5,Before,-6,2025-02-22,30.8,10.2,5.0,1.2,1.0,3.6,Joel Embiid,PHI,2024-25,Knee
2025-02-07,PHI @ DET,L,30,23,7,6,0,2,2,Before,-5,2025-02-22,29.0,10.6,5.4,0.4,0.8,3.2,Joel Embiid,PHI,2024-25,Knee
2025-02-09,PHI @ MIL,L,30,27,12,6,1,1,5,Before,-4,2025-02-22,27.0,11.2,6.0,0.6,1.0,3.4,Joel Embiid,PHI,2024-25,Knee
2025-02-11,PHI vs. TOR,L,38,27,12,4,1,1,4,Before,-3,2025-02-22,26.8,10.8,6.4,0.6,0.8,3.8,Joel Embiid,PHI,2024-25,Knee
2025-02-20,PHI vs. BOS,L,27,15,3,4,0,0,2,Before,-2,2025-02-22,24.2,9.0,6.0,0.6,0.8,3.6,Joel Embiid,PHI,2024-25,Knee
2025-02-22,PHI vs. BKN,L,31,14,7,5,0,1,3,Before,-1,2025-02-22,21.2,8.2,5.0,0.4,1.0,3.2,Joel Embiid,PHI,2024-25,Knee
2025-10-22,PHI @ BOS,W,20,4,6,2,0,1,0,After,1,2025-02-22,4.0,6.0,2.0,0.0,1.0,0.0,Joel Embiid,PHI,2024-25,Knee
2025-10-25,PHI vs. CHA,W,20,20,2,4,2,0,4,After,2,2025-02-22,12.0,4.0,3.0,1.0,0.5,2.0,Joel Embiid,PHI,2024-25,Knee
2025-10-28,PHI @ WAS,W,23,25,7,5,0,1,3,After,3,2025-02-22,16.333333333333332,5.0,3.6666666666666665,0.6666666666666666,0.6666666666666666,2.3333333333333335,Joel Embiid,PHI,2024-25,Knee
2025-10-31,PHI vs. BOS,L,25,20,6,3,0,2,4,After,4,2025-02-22,17.25,5.25,3.5,0.5,1.0,2.75,Joel Embiid,PHI,2024-25,Knee
2025-11-04,PHI @ CHI,L,26,20,6,2,3,4,3,After,5,2025-02-22,17.8,5.4,3.2,1.0,1.6,2.8,Joel Embiid,PHI,2024-25,Knee
2025-11-08,PHI vs. TOR,W,26,29,6,4,0,1,2,After,6,2025-02-22,22.8,5.4,3.6,1.0,1.6,3.2,Joel Embiid,PHI,2024-25,Knee
2025-11-30,PHI vs. ATL,L,30,18,4,2,1,1,2,After,7,2025-02-22,22.4,5.8,3.2,0.8,1.8,2.8,Joel Embiid,PHI,2024-25,Knee
2025-12-04,PHI vs. GSW,W,25,12,6,3,0,1,3,After,8,2025-02-22,19.8,5.6,2.8,0.8,1.8,2.8,Joel Embiid,PHI,2024-25,Knee
2025-12-07,PHI vs. LAL,L,30,16,7,2,1,1,0,After,9,2025-02-22,19.0,5.8,2.6,1.0,1.6,2.0,Joel Embiid,PHI,2024-25,Knee
2025-12-12,PHI vs. IND,W,32,39,9,3,1,0,3,After,10,2025-02-22,22.8,6.4,2.8,0.6,0.8,2.0,Joel Embiid,PHI,2024-25,Knee
2025-12-14,PHI @ ATL,L,30,22,14,1,1,2,3,After,11,2025-02-22,21.4,8.0,2.2,0.8,1.0,2.2,Joel Embiid,PHI,2024-25,Knee
2025-12-23,PHI vs. BKN,L,31,27,6,4,0,2,3,After,12,2025-02-22,23.2,8.4,2.6,0.6,1.2,2.4,Joel Embiid,PHI,2024-25,Knee
2025-12-26,PHI @ CHI,L,32,31,5,1,0,1,2,After,13,2025-02-22,27.0,8.2,2.2,0.6,1.2,2.2,Joel Embiid,PHI,2024-25,Knee
2025-12-30,PHI @ MEM,W,38,34,10,8,1,2,4,After,14,2025-02-22,30.6,8.8,3.4,0.6,1.4,3.0,Joel Embiid,PHI,2024-25,Knee
2026-01-01,PHI @ DAL,W,35,22,4,6,0,1,2,After,15,2025-02-22,27.2,7.8,4.0,0.4,1.6,2.8,Joel Embiid,PHI,2024-25,Knee
2026-01-03,PHI @ NYK,W,33,26,10,5,0,0,3,After,16,2025-02-22,28.0,7.0,4.8,0.2,1.2,2.8,Joel Embiid,PHI,2024-25,Knee
2026-01-05,PHI vs. DEN,L,40,32,10,2,0,1,6,After,17,2025-02-22,29.0,7.8,4.4,0.2,1.0,3.4,Joel Embiid,PHI,2024-25,Knee
2026-01-07,PHI vs. WAS,W,25,28,7,2,0,2,2,After,18,2025-02-22,28.4,8.2,4.6,0.2,1.2,3.4,Joel Embiid,PHI,2024-25,Knee
2026-01-09,PHI @ ORL,W,31,22,9,3,1,1,4,After,19,2025-02-22,26.0,8.0,3.6,0.2,1.0,3.4,Joel Embiid,PHI,2024-25,Knee
2026-01-12,PHI @ TOR,W,36,27,8,4,2,0,7,After,20,2025-02-22,27.0,8.8,3.2,0.6,0.8,4.4,Joel Embiid,PHI,2024-25,Knee
2026-01-14,PHI vs. CLE,L,25,20,4,3,1,1,6,After,21,2025-02-22,25.8,7.6,2.8,0.8,1.0,5.0,Joel Embiid,PHI,2024-25,Knee
2026-01-16,PHI vs. CLE,L,33,33,5,3,0,1,1,After,22,2025-02-22,26.0,6.6,3.0,0.8,1.0,4.0,Joel Embiid,PHI,2024-25,Knee
2026-01-19,PHI vs. IND,W,33,30,9,4,0,0,1,After,23,2025-02-22,26.4,7.0,3.4,0.8,0.6,3.8,Joel Embiid,PHI,2024-25,Knee
2026-01-22,PHI vs. HOU,W,46,32,15,10,1,1,5,After,24,2025-02-22,28.4,8.2,4.8,0.8,0.6,4.0,Joel Embiid,PHI,2024-25,Knee
2026-01-24,PHI vs. NYK,L,36,38,11,5,0,1,4,After,25,2025-02-22,30.6,8.8,5.0,0.4,0.8,3.4,Joel Embiid,PHI,2024-25,Knee
2026-01-27,PHI vs. MIL,W,29,29,9,5,1,0,2,After,26,2025-02-22,32.4,9.8,5.4,0.4,0.6,2.6,Joel Embiid,PHI,2024-25,Knee
2026-01-29,PHI vs. SAC,W,36,37,5,8,1,1,2,After,27,2025-02-22,33.2,9.8,6.4,0.6,0.6,2.8,Joel Embiid,PHI,2024-25,Knee
2026-01-31,PHI vs. NOP,W,39,40,11,4,1,2,5,After,28,2025-02-22,35.2,10.2,6.4,0.8,1.0,3.6,Joel Embiid,PHI,2024-25,Knee
2026-02-02,PHI @ LAC,W,32,24,5,3,1,0,1,After,29,2025-02-22,33.6,8.2,5.0,0.8,0.8,2.8,Joel Embiid,PHI,2024-25,Knee
2026-02-05,PHI @ LAL,L,39,35,7,7,1,2,3,After,30,2025-02-22,33.0,7.4,5.4,1.0,1.0,2.6,Joel Embiid,PHI,2024-25,Knee
2026-02-07,PHI @ PHX,W,33,33,9,3,0,1,2,After,31,2025-02-22,33.8,7.4,5.0,0.8,1.2,2.6,Joel Embiid,PHI,2024-25,Knee
2026-02-24,PHI @ IND,W,26,27,6,5,0,1,4,After,32,2025-02-22,31.8,7.6,4.4,0.6,1.2,3.0,Joel Embiid,PHI,2024-25,Knee
2026-02-26,PHI vs. MIA,W,31,26,11,4,1,0,2,After,33,2025-02-22,29.0,7.6,4.4,0.6,0.8,2.4,Joel Embiid,PHI,2024-25,Knee
2026-03-25,PHI vs. CHI,W,28,35,6,7,0,1,3,After,34,2025-02-22,31.2,7.8,5.2,0.4,1.0,2.8,Joel Embiid,PHI,2024-25,Knee
2026-03-28,PHI @ CHA,W,36,29,6,2,0,2,0,After,35,2025-02-22,30.0,7.6,4.2,0.2,1.0,2.2,Joel Embiid,PHI,2024-25,Knee
2026-03-30,PHI @ MIA,L,34,26,7,3,0,1,3,After,36,2025-02-22,28.6,7.2,4.2,0.2,1.0,2.4,Joel Embiid,PHI,2024-25,Knee
2026-04-03,PHI vs. MIN,W,34,19,13,7,0,3,1,After,37,2025-02-22,27.0,8.6,4.6,0.2,1.4,1.8,Joel Embiid,PHI,2024-25,Knee
2026-04-06,PHI @ SAS,L,39,34,12,1,0,4,4,After,38,2025-02-22,28.6,8.8,4.0,0.0,2.2,2.2,Joel Embiid,PHI,2024-25,Knee
2024-10-23,CLE @ TOR,W,23,7,1,6,0,0,2,Before,-75,2025-04-11,7.0,1.0,6.0,0.0,0.0,2.0,Darius Garland,CLE,2024-25,Toe
2024-10-25,CLE vs. DET,W,33,13,2,6,1,0,3,Before,-74,2025-04-11,10.0,1.5,6.0,0.5,0.0,2.5,Darius Garland,CLE,2024-25,Toe
2024-10-26,CLE @ WAS,W,24,23,2,5,2,0,4,Before,-73,2025-04-11,14.333333333333334,1.6666666666666667,5.666666666666667,1.0,0.0,3.0,Darius Garland,CLE,2024-25,Toe
2024-10-28,CLE @ NYK,W,33,34,3,3,2,2,3,Before,-72,2025-04-11,19.25,2.0,5.0,1.25,0.5,3.0,Darius Garland,CLE,2024-25,Toe
2024-10-30,CLE vs. LAL,W,22,12,0,10,2,0,2,Before,-71,2025-04-11,17.8,1.6,6.0,1.4,0.4,2.8,Darius Garland,CLE,2024-25,Toe
2024-11-01,CLE vs. ORL,W,29,25,3,4,1,1,3,Before,-70,2025-04-11,21.4,2.0,5.6,1.6,0.6,3.0,Darius Garland,CLE,2024-25,Toe
2024-11-02,CLE @ MIL,W,34,11,3,10,0,0,0,Before,-69,2025-04-11,21.0,2.2,6.4,1.4,0.6,2.4,Darius Garland,CLE,2024-25,Toe
2024-11-04,CLE vs. MIL,W,35,39,2,8,0,0,2,Before,-68,2025-04-11,24.2,2.2,7.0,1.0,0.6,2.0,Darius Garland,CLE,2024-25,Toe
2024-11-06,CLE @ NOP,W,30,14,1,9,1,1,3,Before,-67,2025-04-11,20.2,1.8,8.2,0.8,0.4,2.0,Darius Garland,CLE,2024-25,Toe
2024-11-08,CLE vs. GSW,W,30,27,3,6,3,0,4,Before,-66,2025-04-11,23.2,2.4,7.4,1.0,0.4,2.4,Darius Garland,CLE,2024-25,Toe
2024-11-09,CLE vs. BKN,W,32,20,1,6,1,0,3,Before,-65,2025-04-11,22.2,2.0,7.8,1.0,0.2,2.4,Darius Garland,CLE,2024-25,Toe
2024-11-11,CLE @ CHI,W,30,17,2,5,4,0,1,Before,-64,2025-04-11,23.4,1.8,6.8,1.8,0.2,2.6,Darius Garland,CLE,2024-25,Toe
2024-11-13,CLE @ PHI,W,34,25,5,6,0,0,3,Before,-63,2025-04-11,20.6,2.4,6.4,1.8,0.2,2.8,Darius Garland,CLE,2024-25,Toe
2024-11-15,CLE vs. CHI,W,34,29,3,9,1,0,5,Before,-62,2025-04-11,23.6,2.8,6.4,1.8,0.0,3.2,Darius Garland,CLE,2024-25,Toe
2024-11-17,CLE vs. CHA,W,30,25,5,12,0,0,2,Before,-61,2025-04-11,23.2,3.2,7.6,1.2,0.0,2.8,Darius Garland,CLE,2024-25,Toe
2024-11-19,CLE @ BOS,L,31,8,2,7,1,1,2,Before,-60,2025-04-11,20.8,3.4,7.8,1.2,0.2,2.6,Darius Garland,CLE,2024-25,Toe
2024-11-24,CLE vs. TOR,W,31,16,3,6,1,0,2,Before,-59,2025-04-11,20.6,3.6,8.0,0.6,0.2,2.8,Darius Garland,CLE,2024-25,Toe
2024-11-27,CLE vs. ATL,L,33,19,2,7,1,0,1,Before,-58,2025-04-11,19.4,3.0,8.2,0.8,0.2,2.4,Darius Garland,CLE,2024-25,Toe
2024-11-29,CLE @ ATL,L,33,29,3,5,1,0,2,Before,-57,2025-04-11,19.4,3.0,7.4,0.8,0.2,1.8,Darius Garland,CLE,2024-25,Toe
2024-12-01,CLE vs. BOS,W,32,22,5,8,0,0,0,Before,-56,2025-04-11,18.8,3.0,6.6,0.8,0.2,1.4,Darius Garland,CLE,2024-25,Toe
2024-12-03,CLE vs. WAS,W,17,12,0,3,1,0,2,Before,-55,2025-04-11,19.6,2.6,5.8,0.8,0.0,1.4,Darius Garland,CLE,2024-25,Toe
2024-12-05,CLE vs. DEN,W,33,24,0,4,0,0,1,Before,-54,2025-04-11,21.2,2.0,5.4,0.6,0.0,1.2,Darius Garland,CLE,2024-25,Toe
2024-12-07,CLE @ CHA,W,33,18,2,5,0,1,2,Before,-53,2025-04-11,21.0,2.0,5.0,0.4,0.2,1.4,Darius Garland,CLE,2024-25,Toe
2024-12-08,CLE @ MIA,L,32,23,5,5,0,0,2,Before,-52,2025-04-11,19.8,2.4,5.0,0.2,0.2,1.4,Darius Garland,CLE,2024-25,Toe
2024-12-13,CLE vs. WAS,W,33,24,5,8,2,0,4,Before,-51,2025-04-11,20.2,2.4,5.0,0.6,0.2,2.2,Darius Garland,CLE,2024-25,Toe
2024-12-16,CLE @ BKN,W,24,11,0,6,1,1,6,Before,-50,2025-04-11,20.0,2.4,5.6,0.6,0.4,3.0,Darius Garland,CLE,2024-25,Toe
2024-12-20,CLE vs. MIL,W,25,16,4,5,1,0,3,Before,-49,2025-04-11,18.4,3.2,5.8,0.8,0.4,3.4,Darius Garland,CLE,2024-25,Toe
2024-12-21,CLE vs. PHI,W,26,26,5,4,1,0,2,Before,-48,2025-04-11,20.0,3.8,5.6,1.0,0.2,3.4,Darius Garland,CLE,2024-25,Toe
2024-12-23,CLE vs. UTA,W,33,23,3,8,1,0,2,Before,-47,2025-04-11,20.0,3.4,6.2,1.2,0.2,3.4,Darius Garland,CLE,2024-25,Toe
2024-12-27,CLE @ DEN,W,32,25,2,7,4,0,2,Before,-46,2025-04-11,20.2,2.8,6.0,1.6,0.2,3.0,Darius Garland,CLE,2024-25,Toe
2024-12-30,CLE @ GSW,W,29,25,3,8,2,0,0,Before,-45,2025-04-11,23.0,3.4,6.4,1.8,0.0,1.8,Darius Garland,CLE,2024-25,Toe
2024-12-31,CLE @ LAL,W,32,14,2,14,2,1,3,Before,-44,2025-04-11,22.6,3.0,8.2,2.0,0.2,1.8,Darius Garland,CLE,2024-25,Toe
2025-01-03,CLE @ DAL,W,29,16,4,9,1,0,1,Before,-43,2025-04-11,20.6,2.8,9.2,2.0,0.2,1.6,Darius Garland,CLE,2024-25,Toe
2025-01-05,CLE vs. CHA,W,29,25,3,2,1,0,2,Before,-42,2025-04-11,21.0,2.8,8.0,2.0,0.2,1.6,Darius Garland,CLE,2024-25,Toe
2025-01-08,CLE vs. OKC,W,32,18,1,7,0,0,2,Before,-41,2025-04-11,19.6,2.6,8.0,1.2,0.2,1.6,Darius Garland,CLE,2024-25,Toe
2025-01-09,CLE vs. TOR,W,36,40,2,9,2,0,3,Before,-40,2025-04-11,22.6,2.4,8.2,1.2,0.2,2.2,Darius Garland,CLE,2024-25,Toe
2025-01-12,CLE vs. IND,L,29,20,1,7,0,0,4,Before,-39,2025-04-11,23.8,2.2,6.8,0.8,0.0,2.4,Darius Garland,CLE,2024-25,Toe
2025-01-14,CLE @ IND,W,35,24,1,7,1,0,4,Before,-38,2025-04-11,25.4,1.6,6.4,0.8,0.0,3.0,Darius Garland,CLE,2024-25,Toe
2025-01-16,CLE @ OKC,L,24,20,2,9,0,1,3,Before,-37,2025-04-11,24.4,1.4,7.8,0.6,0.2,3.2,Darius Garland,CLE,2024-25,Toe
2025-01-18,CLE @ MIN,W,33,29,5,6,0,0,1,Before,-36,2025-04-11,26.6,2.2,7.6,0.6,0.2,3.0,Darius Garland,CLE,2024-25,Toe
2025-01-20,CLE vs. PHX,W,25,16,2,7,3,0,2,Before,-35,2025-04-11,21.8,2.2,7.2,0.8,0.2,2.8,Darius Garland,CLE,2024-25,Toe
2025-01-22,CLE @ HOU,L,33,26,2,5,3,0,3,Before,-34,2025-04-11,23.0,2.4,6.8,1.4,0.2,2.6,Darius Garland,CLE,2024-25,Toe
2025-01-24,CLE @ PHI,L,32,26,1,7,1,0,2,Before,-33,2025-04-11,23.4,2.4,6.8,1.4,0.2,2.2,Darius Garland,CLE,2024-25,Toe
2025-01-25,CLE vs. HOU,L,36,39,3,9,0,0,3,Before,-32,2025-04-11,27.2,2.6,6.8,1.4,0.0,2.2,Darius Garland,CLE,2024-25,Toe
2025-01-27,CLE vs. DET,W,31,22,5,7,0,0,3,Before,-31,2025-04-11,25.8,2.6,7.0,1.4,0.0,2.6,Darius Garland,CLE,2024-25,Toe
2025-01-30,CLE vs. ATL,W,30,26,2,7,2,0,3,Before,-30,2025-04-11,27.8,2.6,7.0,1.2,0.0,2.8,Darius Garland,CLE,2024-25,Toe
2025-02-02,CLE vs. DAL,W,23,17,3,10,2,0,2,Before,-29,2025-04-11,26.0,2.8,8.0,1.0,0.0,2.6,Darius Garland,CLE,2024-25,Toe
2025-02-04,CLE vs. BOS,L,34,25,1,3,2,0,3,Before,-28,2025-04-11,25.8,2.8,7.2,1.2,0.0,2.8,Darius Garland,CLE,2024-25,Toe
2025-02-05,CLE @ DET,W,31,25,3,5,0,1,5,Before,-27,2025-04-11,23.0,2.8,6.4,1.2,0.2,3.2,Darius Garland,CLE,2024-25,Toe
2025-02-07,CLE @ WAS,W,32,23,5,5,1,0,4,Before,-26,2025-04-11,23.2,2.8,6.0,1.4,0.2,3.4,Darius Garland,CLE,2024-25,Toe
2025-02-10,CLE vs. MIN,W,27,17,1,3,0,0,4,Before,-25,2025-04-11,21.4,2.6,5.2,1.0,0.2,3.6,Darius Garland,CLE,2024-25,Toe
2025-02-12,CLE @ TOR,W,27,15,2,8,3,0,1,Before,-24,2025-04-11,21.0,2.4,4.8,1.2,0.2,3.4,Darius Garland,CLE,2024-25,Toe
2025-02-20,CLE @ BKN,W,29,18,2,9,3,0,2,Before,-23,2025-04-11,19.6,2.6,6.0,1.4,0.2,3.2,Darius Garland,CLE,2024-25,Toe
2025-02-21,CLE vs. NYK,W,25,9,4,5,1,0,1,Before,-22,2025-04-11,16.4,2.8,6.0,1.6,0.0,2.4,Darius Garland,CLE,2024-25,Toe
2025-02-28,CLE @ BOS,W,32,20,3,7,0,0,1,Before,-21,2025-04-11,15.8,2.4,6.4,1.4,0.0,1.8,Darius Garland,CLE,2024-25,Toe
2025-03-02,CLE vs. POR,W,39,13,2,7,1,0,2,Before,-20,2025-04-11,15.0,2.6,7.2,1.6,0.0,1.4,Darius Garland,CLE,2024-25,Toe
2025-03-04,CLE @ CHI,W,30,19,3,7,1,0,1,Before,-19,2025-04-11,15.8,2.8,7.0,1.2,0.0,1.4,Darius Garland,CLE,2024-25,Toe
2025-03-05,CLE vs. MIA,W,32,15,3,10,1,0,2,Before,-18,2025-04-11,15.2,3.0,7.2,0.8,0.0,1.4,Darius Garland,CLE,2024-25,Toe
2025-03-07,CLE @ CHA,W,31,20,1,2,1,0,2,Before,-17,2025-04-11,17.4,2.4,6.6,0.8,0.0,1.6,Darius Garland,CLE,2024-25,Toe
2025-03-09,CLE @ MIL,W,29,13,5,5,0,0,3,Before,-16,2025-04-11,16.0,2.8,6.2,0.8,0.0,2.0,Darius Garland,CLE,2024-25,Toe
2025-03-11,CLE vs. BKN,W,36,30,4,8,4,0,3,Before,-15,2025-04-11,19.4,3.2,6.4,1.4,0.0,2.2,Darius Garland,CLE,2024-25,Toe
2025-03-14,CLE @ MEM,W,30,20,2,9,4,0,3,Before,-14,2025-04-11,19.6,3.0,6.8,2.0,0.0,2.6,Darius Garland,CLE,2024-25,Toe
2025-03-16,CLE vs. ORL,L,33,19,6,4,2,0,5,Before,-13,2025-04-11,20.4,3.6,5.6,2.2,0.0,3.2,Darius Garland,CLE,2024-25,Toe
2025-03-18,CLE @ LAC,L,32,17,5,8,2,0,2,Before,-12,2025-04-11,19.8,4.4,6.8,2.4,0.0,3.2,Darius Garland,CLE,2024-25,Toe
2025-03-21,CLE @ PHX,L,37,18,5,6,0,0,5,Before,-11,2025-04-11,20.8,4.4,7.0,2.4,0.0,3.6,Darius Garland,CLE,2024-25,Toe
2025-03-23,CLE @ UTA,W,26,12,7,4,2,1,2,Before,-10,2025-04-11,17.2,5.0,6.2,2.0,0.2,3.4,Darius Garland,CLE,2024-25,Toe
2025-03-25,CLE @ POR,W,33,27,5,8,1,0,4,Before,-9,2025-04-11,18.6,5.6,6.0,1.4,0.2,3.6,Darius Garland,CLE,2024-25,Toe
2025-03-27,CLE vs. SAS,W,30,10,4,9,2,0,4,Before,-8,2025-04-11,16.8,5.2,7.0,1.4,0.2,3.4,Darius Garland,CLE,2024-25,Toe
2025-03-28,CLE @ DET,L,34,21,5,6,1,0,4,Before,-7,2025-04-11,17.6,5.2,6.6,1.2,0.2,3.8,Darius Garland,CLE,2024-25,Toe
2025-03-30,CLE vs. LAC,W,32,19,4,7,0,0,1,Before,-6,2025-04-11,17.8,5.0,6.8,1.2,0.2,3.0,Darius Garland,CLE,2024-25,Toe
2025-04-02,CLE vs. NYK,W,32,17,4,6,1,0,1,Before,-5,2025-04-11,18.8,4.4,7.2,1.0,0.0,2.8,Darius Garland,CLE,2024-25,Toe
2025-04-04,CLE @ SAS,W,34,19,2,7,1,0,3,Before,-4,2025-04-11,17.2,3.8,7.0,1.0,0.0,2.6,Darius Garland,CLE,2024-25,Toe
2025-04-06,CLE vs. SAC,L,32,9,3,7,1,0,3,Before,-3,2025-04-11,17.0,3.6,6.6,0.8,0.0,2.4,Darius Garland,CLE,2024-25,Toe
2025-04-08,CLE vs. CHI,W,29,28,2,5,1,0,1,Before,-2,2025-04-11,18.4,3.0,6.4,0.8,0.0,1.8,Darius Garland,CLE,2024-25,Toe
2025-04-11,CLE @ NYK,W,33,26,2,13,2,0,3,Before,-1,2025-04-11,19.8,2.6,7.6,1.2,0.0,2.2,Darius Garland,CLE,2024-25,Toe
2025-11-05,CLE vs. PHI,W,26,8,2,4,0,0,3,After,1,2025-04-11,8.0,2.0,4.0,0.0,0.0,3.0,Darius Garland,CLE,2024-25,Toe
2025-11-07,CLE @ WAS,W,28,20,2,9,1,0,2,After,2,2025-04-11,14.0,2.0,6.5,0.5,0.0,2.5,Darius Garland,CLE,2024-25,Toe
2025-11-10,CLE @ MIA,L,19,11,5,2,2,0,0,After,3,2025-04-11,13.0,3.0,5.0,1.0,0.0,1.6666666666666667,Darius Garland,CLE,2024-25,Toe
2025-11-21,CLE vs. IND,W,27,20,2,7,0,0,4,After,4,2025-04-11,14.75,2.75,5.5,0.75,0.0,2.25,Darius Garland,CLE,2024-25,Toe
2025-11-23,CLE vs. LAC,W,29,8,1,8,0,0,4,After,5,2025-04-11,13.4,2.4,6.0,0.6,0.0,2.6,Darius Garland,CLE,2024-25,Toe
2025-11-28,CLE @ ATL,L,33,15,5,10,1,0,5,After,6,2025-04-11,14.8,3.0,7.2,0.8,0.0,3.0,Darius Garland,CLE,2024-25,Toe
2025-11-30,CLE vs. BOS,L,31,21,3,8,0,0,4,After,7,2025-04-11,15.0,3.2,7.0,0.6,0.0,3.4,Darius Garland,CLE,2024-25,Toe
2025-12-03,CLE vs. POR,L,29,6,2,4,0,1,0,After,8,2025-04-11,14.0,2.6,7.4,0.2,0.2,3.4,Darius Garland,CLE,2024-25,Toe
2025-12-06,CLE vs. GSW,L,32,17,5,4,2,0,3,After,9,2025-04-11,13.4,3.2,6.8,0.6,0.2,3.2,Darius Garland,CLE,2024-25,Toe
2025-12-12,CLE @ WAS,W,35,18,3,6,2,0,2,After,10,2025-04-11,15.4,3.6,6.4,1.0,0.2,2.8,Darius Garland,CLE,2024-25,Toe
2025-12-14,CLE vs. CHA,L,39,26,2,9,1,1,4,After,11,2025-04-11,17.6,3.0,6.2,1.0,0.4,2.6,Darius Garland,CLE,2024-25,Toe
2025-12-17,CLE @ CHI,L,30,15,5,6,0,0,2,After,12,2025-04-11,16.4,3.4,5.8,1.0,0.4,2.2,Darius Garland,CLE,2024-25,Toe
2025-12-19,CLE vs. CHI,L,33,35,2,8,1,0,4,After,13,2025-04-11,22.2,3.4,6.6,1.2,0.2,3.0,Darius Garland,CLE,2024-25,Toe
2025-12-22,CLE vs. CHA,W,30,27,4,10,2,0,3,After,14,2025-04-11,24.2,3.2,7.8,1.2,0.2,3.0,Darius Garland,CLE,2024-25,Toe
2025-12-23,CLE vs. NOP,W,29,10,1,8,0,0,3,After,15,2025-04-11,22.6,2.8,8.2,0.8,0.2,3.2,Darius Garland,CLE,2024-25,Toe
2025-12-25,CLE @ NYK,L,36,20,1,10,0,0,4,After,16,2025-04-11,21.4,2.6,8.4,0.6,0.0,3.2,Darius Garland,CLE,2024-25,Toe
2025-12-27,CLE @ HOU,L,24,12,0,1,0,0,3,After,17,2025-04-11,20.8,1.6,7.4,0.6,0.0,3.4,Darius Garland,CLE,2024-25,Toe
2025-12-29,CLE @ SAS,W,31,15,5,11,1,0,3,After,18,2025-04-11,16.8,2.2,8.0,0.6,0.0,3.2,Darius Garland,CLE,2024-25,Toe
2025-12-31,CLE vs. PHX,W,29,19,1,6,1,0,3,After,19,2025-04-11,15.2,1.6,7.2,0.4,0.0,3.2,Darius Garland,CLE,2024-25,Toe
2026-01-02,CLE vs. DEN,W,32,18,2,8,0,0,6,After,20,2025-04-11,16.8,1.8,7.2,0.4,0.0,3.8,Darius Garland,CLE,2024-25,Toe
2026-01-04,CLE vs. DET,L,32,16,2,6,1,0,2,After,21,2025-04-11,16.0,2.0,6.4,0.6,0.0,3.4,Darius Garland,CLE,2024-25,Toe
2026-01-06,CLE @ IND,W,33,29,2,6,0,0,0,After,22,2025-04-11,19.4,2.4,7.4,0.6,0.0,2.8,Darius Garland,CLE,2024-25,Toe
2026-01-08,CLE @ MIN,L,37,16,1,8,2,0,2,After,23,2025-04-11,19.6,1.6,6.8,0.8,0.0,2.6,Darius Garland,CLE,2024-25,Toe
2026-01-10,CLE vs. MIN,W,29,22,0,6,0,0,0,After,24,2025-04-11,20.2,1.4,6.8,0.6,0.0,2.0,Darius Garland,CLE,2024-25,Toe
2026-01-12,CLE vs. UTA,L,34,23,2,8,3,1,3,After,25,2025-04-11,21.2,1.4,6.8,1.2,0.2,1.4,Darius Garland,CLE,2024-25,Toe
2026-01-14,CLE @ PHI,W,23,20,3,7,1,0,4,After,26,2025-04-11,22.0,1.6,7.0,1.2,0.2,1.8,Darius Garland,CLE,2024-25,Toe
2026-03-02,LAC @ GSW,W,23,12,2,2,1,0,5,After,27,2025-04-11,18.6,1.6,6.2,1.4,0.2,2.8,Darius Garland,CLE,2024-25,Toe
2026-03-04,LAC vs. IND,W,24,12,4,8,0,0,2,After,28,2025-04-11,17.8,2.2,6.2,1.0,0.2,2.8,Darius Garland,CLE,2024-25,Toe
2026-03-07,LAC @ MEM,W,26,21,4,6,0,0,3,After,29,2025-04-11,17.6,3.0,6.2,1.0,0.2,3.4,Darius Garland,CLE,2024-25,Toe
2026-03-09,LAC vs. NYK,W,30,23,1,7,2,0,2,After,30,2025-04-11,17.6,2.8,6.0,0.8,0.0,3.2,Darius Garland,CLE,2024-25,Toe
2026-03-11,LAC vs. MIN,W,23,21,1,6,2,0,3,After,31,2025-04-11,17.8,2.4,5.8,1.0,0.0,3.0,Darius Garland,CLE,2024-25,Toe
2026-03-14,LAC vs. SAC,L,30,25,3,7,1,0,1,After,32,2025-04-11,20.4,2.6,6.8,1.0,0.0,2.2,Darius Garland,CLE,2024-25,Toe
2026-03-16,LAC vs. SAS,L,32,25,2,10,2,0,8,After,33,2025-04-11,23.0,2.2,7.2,1.4,0.0,3.4,Darius Garland,CLE,2024-25,Toe
2026-03-18,LAC @ NOP,L,29,13,1,6,1,0,0,After,34,2025-04-11,21.4,1.6,7.2,1.6,0.0,2.8,Darius Garland,CLE,2024-25,Toe
2026-03-21,LAC @ DAL,W,39,41,3,11,1,1,4,After,35,2025-04-11,25.0,2.0,8.0,1.4,0.2,3.2,Darius Garland,CLE,2024-25,Toe
2026-03-23,LAC vs. MIL,W,18,15,2,6,1,0,3,After,36,2025-04-11,23.8,2.2,8.0,1.2,0.2,3.2,Darius Garland,CLE,2024-25,Toe
2026-03-25,LAC vs. TOR,W,30,24,4,6,1,1,3,After,37,2025-04-11,23.6,2.4,7.8,1.2,0.4,3.6,Darius Garland,CLE,2024-25,Toe
2026-03-27,LAC @ IND,W,35,30,0,5,0,0,4,After,38,2025-04-11,24.6,2.0,6.8,0.8,0.4,2.8,Darius Garland,CLE,2024-25,Toe
2026-03-29,LAC @ MIL,W,27,15,2,11,2,0,5,After,39,2025-04-11,25.0,2.2,7.8,1.0,0.4,3.8,Darius Garland,CLE,2024-25,Toe
2026-03-31,LAC vs. POR,L,37,20,2,4,2,1,5,After,40,2025-04-11,20.8,2.0,6.4,1.2,0.4,4.0,Darius Garland,CLE,2024-25,Toe
2026-04-02,LAC vs. SAS,L,29,11,2,3,1,1,1,After,41,2025-04-11,20.0,2.0,5.8,1.2,0.6,3.6,Darius Garland,CLE,2024-25,Toe
2026-04-05,LAC @ SAC,W,24,17,4,6,1,0,2,After,42,2025-04-11,18.6,2.0,5.8,1.2,0.4,3.4,Darius Garland,CLE,2024-25,Toe
2026-04-07,LAC vs. DAL,W,28,22,1,4,1,1,2,After,43,2025-04-11,17.0,2.2,5.6,1.4,0.6,3.0,Darius Garland,CLE,2024-25,Toe
2026-04-10,LAC @ POR,L,41,16,5,7,3,0,3,After,44,2025-04-11,17.2,2.8,4.8,1.6,0.6,2.6,Darius Garland,CLE,2024-25,Toe
2026-04-12,LAC vs. GSW,W,27,15,1,6,0,0,1,After,45,2025-04-11,16.2,2.6,5.2,1.2,0.4,1.8,Darius Garland,CLE,2024-25,Toe
2024-10-22,LAL vs. MIN,W,35,16,5,4,0,2,2,Before,-70,2025-04-11,16.0,5.0,4.0,0.0,2.0,2.0,LeBron James,LAL,2024-25,Sciatica
2024-10-25,LAL vs. PHX,W,35,21,4,8,0,0,2,Before,-69,2025-04-11,18.5,4.5,6.0,0.0,1.0,2.0,LeBron James,LAL,2024-25,Sciatica
2024-10-26,LAL vs. SAC,W,34,32,14,10,0,1,5,Before,-68,2025-04-11,23.0,7.666666666666667,7.333333333333333,0.0,1.0,3.0,LeBron James,LAL,2024-25,Sciatica
2024-10-28,LAL @ PHX,L,36,11,5,8,1,0,2,Before,-67,2025-04-11,20.0,7.0,7.5,0.25,0.75,2.75,LeBron James,LAL,2024-25,Sciatica
2024-10-30,LAL @ CLE,L,29,26,6,3,0,0,6,Before,-66,2025-04-11,21.2,6.8,6.6,0.2,0.6,3.4,LeBron James,LAL,2024-25,Sciatica
2024-11-01,LAL @ TOR,W,36,27,6,10,1,0,0,Before,-65,2025-04-11,23.4,7.0,7.8,0.4,0.2,3.0,LeBron James,LAL,2024-25,Sciatica
2024-11-04,LAL @ DET,L,40,20,8,11,2,0,1,Before,-64,2025-04-11,23.2,7.8,8.4,0.8,0.2,2.8,LeBron James,LAL,2024-25,Sciatica
2024-11-06,LAL @ MEM,L,35,39,7,6,1,0,5,Before,-63,2025-04-11,24.6,6.4,7.6,1.0,0.0,2.8,LeBron James,LAL,2024-25,Sciatica
2024-11-08,LAL vs. PHI,W,34,21,12,13,0,3,2,Before,-62,2025-04-11,26.6,7.8,8.6,0.8,0.6,2.8,LeBron James,LAL,2024-25,Sciatica
2024-11-10,LAL vs. TOR,W,35,19,10,16,1,0,3,Before,-61,2025-04-11,25.2,8.6,11.2,1.0,0.6,2.2,LeBron James,LAL,2024-25,Sciatica
2024-11-13,LAL vs. MEM,W,37,35,12,14,1,0,6,Before,-60,2025-04-11,26.8,9.8,12.0,1.0,0.6,3.4,LeBron James,LAL,2024-25,Sciatica
2024-11-15,LAL @ SAS,W,38,15,16,12,1,0,7,Before,-59,2025-04-11,25.8,11.4,12.2,0.8,0.6,4.6,LeBron James,LAL,2024-25,Sciatica
2024-11-16,LAL @ NOP,W,37,21,7,5,1,0,6,Before,-58,2025-04-11,22.2,11.4,12.0,0.8,0.6,4.8,LeBron James,LAL,2024-25,Sciatica
2024-11-19,LAL vs. UTA,W,34,26,2,12,0,0,4,Before,-57,2025-04-11,23.2,9.4,11.8,0.8,0.0,5.2,LeBron James,LAL,2024-25,Sciatica
2024-11-21,LAL vs. ORL,L,37,31,10,7,0,1,4,Before,-56,2025-04-11,25.6,9.4,10.0,0.6,0.2,5.4,LeBron James,LAL,2024-25,Sciatica
2024-11-23,LAL vs. DEN,L,35,18,6,7,3,0,6,Before,-55,2025-04-11,22.2,8.2,8.6,1.0,0.2,5.4,LeBron James,LAL,2024-25,Sciatica
2024-11-26,LAL @ PHX,L,35,18,8,10,0,0,5,Before,-54,2025-04-11,22.8,6.6,8.2,0.8,0.2,5.0,LeBron James,LAL,2024-25,Sciatica
2024-11-27,LAL @ SAS,W,33,16,10,11,1,1,5,Before,-53,2025-04-11,21.8,7.2,9.4,0.8,0.4,4.8,LeBron James,LAL,2024-25,Sciatica
2024-11-29,LAL vs. OKC,L,34,12,8,6,0,0,5,Before,-52,2025-04-11,19.0,8.4,8.2,0.8,0.4,5.0,LeBron James,LAL,2024-25,Sciatica
2024-12-01,LAL @ UTA,W,36,27,5,14,0,2,3,Before,-51,2025-04-11,18.2,7.4,9.6,0.8,0.6,4.8,LeBron James,LAL,2024-25,Sciatica
2024-12-02,LAL @ MIN,L,31,10,8,4,0,0,6,Before,-50,2025-04-11,16.6,7.8,9.0,0.2,0.6,4.8,LeBron James,LAL,2024-25,Sciatica
2024-12-04,LAL @ MIA,L,29,29,5,8,1,0,5,Before,-49,2025-04-11,18.8,7.2,8.6,0.4,0.6,4.8,LeBron James,LAL,2024-25,Sciatica
2024-12-06,LAL @ ATL,L,43,39,10,11,2,3,4,Before,-48,2025-04-11,23.4,7.2,8.6,0.6,1.0,4.6,LeBron James,LAL,2024-25,Sciatica
2024-12-15,LAL vs. MEM,W,34,18,8,8,1,2,5,Before,-47,2025-04-11,24.6,7.2,9.0,0.8,1.4,4.6,LeBron James,LAL,2024-25,Sciatica
2024-12-19,LAL @ SAC,W,34,19,6,7,0,1,2,Before,-46,2025-04-11,23.0,7.4,7.6,0.8,1.2,4.4,LeBron James,LAL,2024-25,Sciatica
2024-12-21,LAL @ SAC,W,34,32,7,6,4,0,4,Before,-45,2025-04-11,27.4,7.2,8.0,1.6,1.2,4.0,LeBron James,LAL,2024-25,Sciatica
2024-12-23,LAL vs. DET,L,35,28,11,11,0,0,2,Before,-44,2025-04-11,27.2,8.4,8.6,1.4,1.2,3.4,LeBron James,LAL,2024-25,Sciatica
2024-12-25,LAL @ GSW,W,37,31,4,10,2,1,1,Before,-43,2025-04-11,25.6,7.2,8.4,1.4,0.8,2.8,LeBron James,LAL,2024-25,Sciatica
2024-12-31,LAL vs. CLE,L,34,23,4,7,0,1,2,Before,-42,2025-04-11,26.6,6.4,8.2,1.2,0.6,2.2,LeBron James,LAL,2024-25,Sciatica
2025-01-02,LAL vs. POR,W,36,38,3,8,0,0,4,Before,-41,2025-04-11,30.4,5.8,8.4,1.2,0.4,2.6,LeBron James,LAL,2024-25,Sciatica
2025-01-03,LAL vs. ATL,W,30,30,3,8,0,0,3,Before,-40,2025-04-11,30.0,5.0,8.8,0.4,0.4,2.4,LeBron James,LAL,2024-25,Sciatica
2025-01-05,LAL @ HOU,L,36,21,13,9,1,0,2,Before,-39,2025-04-11,28.6,5.4,8.4,0.6,0.4,2.4,LeBron James,LAL,2024-25,Sciatica
2025-01-07,LAL @ DAL,L,35,18,10,8,1,0,2,Before,-38,2025-04-11,26.0,6.6,8.0,0.4,0.2,2.6,LeBron James,LAL,2024-25,Sciatica
2025-01-13,LAL vs. SAS,L,32,18,5,8,1,1,7,Before,-37,2025-04-11,25.0,6.8,8.2,0.6,0.2,3.6,LeBron James,LAL,2024-25,Sciatica
2025-01-15,LAL vs. MIA,W,38,22,5,9,2,0,2,Before,-36,2025-04-11,21.8,7.2,8.4,1.0,0.2,3.2,LeBron James,LAL,2024-25,Sciatica
2025-01-17,LAL vs. BKN,W,35,29,7,8,1,2,5,Before,-35,2025-04-11,21.6,8.0,8.4,1.2,0.6,3.6,LeBron James,LAL,2024-25,Sciatica
2025-01-19,LAL @ LAC,L,35,25,5,11,3,1,5,Before,-34,2025-04-11,22.4,6.4,8.8,1.6,0.8,4.2,LeBron James,LAL,2024-25,Sciatica
2025-01-21,LAL vs. WAS,W,36,21,10,13,2,1,5,Before,-33,2025-04-11,23.0,6.4,9.8,1.8,1.0,4.8,LeBron James,LAL,2024-25,Sciatica
2025-01-23,LAL vs. BOS,W,31,20,14,6,0,0,2,Before,-32,2025-04-11,23.4,8.2,9.4,1.6,0.8,3.8,LeBron James,LAL,2024-25,Sciatica
2025-01-25,LAL @ GSW,W,35,25,5,12,1,0,3,Before,-31,2025-04-11,24.0,8.2,10.0,1.4,0.8,4.0,LeBron James,LAL,2024-25,Sciatica
2025-01-27,LAL @ CHA,W,36,22,7,8,0,0,5,Before,-30,2025-04-11,22.6,8.2,10.0,1.2,0.4,4.0,LeBron James,LAL,2024-25,Sciatica
2025-01-28,LAL @ PHI,L,33,31,8,9,1,0,8,Before,-29,2025-04-11,23.8,8.8,9.6,0.8,0.2,4.6,LeBron James,LAL,2024-25,Sciatica
2025-01-30,LAL @ WAS,W,27,24,3,11,0,0,0,Before,-28,2025-04-11,24.4,7.4,9.2,0.4,0.0,3.6,LeBron James,LAL,2024-25,Sciatica
2025-02-01,LAL @ NYK,W,37,33,11,12,0,0,5,Before,-27,2025-04-11,27.0,6.8,10.4,0.4,0.0,4.2,LeBron James,LAL,2024-25,Sciatica
2025-02-04,LAL @ LAC,W,31,26,8,9,3,0,3,Before,-26,2025-04-11,27.2,7.4,9.8,0.8,0.0,4.2,LeBron James,LAL,2024-25,Sciatica
2025-02-06,LAL vs. GSW,W,38,42,17,8,1,1,3,Before,-25,2025-04-11,31.2,9.4,9.8,1.0,0.2,3.8,LeBron James,LAL,2024-25,Sciatica
2025-02-10,LAL vs. UTA,W,29,24,7,8,1,0,7,Before,-24,2025-04-11,29.8,9.2,9.6,1.0,0.2,3.6,LeBron James,LAL,2024-25,Sciatica
2025-02-12,LAL @ UTA,L,34,18,6,7,1,0,3,Before,-23,2025-04-11,28.6,9.8,8.8,1.2,0.2,4.2,LeBron James,LAL,2024-25,Sciatica
2025-02-19,LAL vs. CHA,L,38,26,7,11,1,2,2,Before,-22,2025-04-11,27.2,9.0,8.6,1.4,0.6,3.6,LeBron James,LAL,2024-25,Sciatica
2025-02-20,LAL @ POR,W,36,40,8,4,2,1,11,Before,-21,2025-04-11,30.0,9.0,7.6,1.2,0.8,5.2,LeBron James,LAL,2024-25,Sciatica
2025-02-22,LAL @ DEN,W,33,25,9,5,1,3,1,Before,-20,2025-04-11,26.6,7.4,7.0,1.2,1.2,4.8,LeBron James,LAL,2024-25,Sciatica
2025-02-25,LAL vs. DAL,W,37,27,12,3,1,0,6,Before,-19,2025-04-11,27.2,8.4,6.0,1.2,1.2,4.6,LeBron James,LAL,2024-25,Sciatica
2025-02-27,LAL vs. MIN,W,37,33,17,6,1,1,4,Before,-18,2025-04-11,30.2,10.6,5.8,1.2,1.4,4.8,LeBron James,LAL,2024-25,Sciatica
2025-02-28,LAL vs. LAC,W,37,28,13,3,1,0,4,Before,-17,2025-04-11,30.6,11.8,4.2,1.2,1.0,5.2,LeBron James,LAL,2024-25,Sciatica
2025-03-02,LAL vs. LAC,W,36,17,5,9,2,1,8,Before,-16,2025-04-11,26.0,11.2,5.2,1.2,1.0,4.6,LeBron James,LAL,2024-25,Sciatica
2025-03-04,LAL vs. NOP,W,33,34,8,6,1,2,4,Before,-15,2025-04-11,27.8,11.0,5.4,1.2,0.8,5.2,LeBron James,LAL,2024-25,Sciatica
2025-03-06,LAL vs. NYK,W,44,31,12,8,0,1,1,Before,-14,2025-04-11,28.6,11.0,6.4,1.0,1.0,4.2,LeBron James,LAL,2024-25,Sciatica
2025-03-08,LAL @ BOS,L,35,22,14,9,0,0,1,Before,-13,2025-04-11,26.4,10.4,7.0,0.8,0.8,3.6,LeBron James,LAL,2024-25,Sciatica
2025-03-22,LAL vs. CHI,L,31,17,6,4,3,0,5,Before,-12,2025-04-11,24.2,9.0,7.2,1.2,0.8,3.8,LeBron James,LAL,2024-25,Sciatica
2025-03-24,LAL @ ORL,L,38,24,6,7,0,0,2,Before,-11,2025-04-11,25.6,9.2,6.8,0.8,0.6,2.6,LeBron James,LAL,2024-25,Sciatica
2025-03-26,LAL @ IND,W,38,13,13,7,1,0,1,Before,-10,2025-04-11,21.4,10.2,7.0,0.8,0.2,2.0,LeBron James,LAL,2024-25,Sciatica
2025-03-27,LAL @ CHI,L,39,17,5,12,2,0,4,Before,-9,2025-04-11,18.6,8.8,7.8,1.2,0.0,2.6,LeBron James,LAL,2024-25,Sciatica
2025-03-29,LAL @ MEM,W,37,25,6,8,3,1,3,Before,-8,2025-04-11,19.2,7.2,7.6,1.8,0.2,3.0,LeBron James,LAL,2024-25,Sciatica
2025-03-31,LAL vs. HOU,W,38,16,8,4,2,2,3,Before,-7,2025-04-11,19.0,7.6,7.6,1.6,0.6,2.6,LeBron James,LAL,2024-25,Sciatica
2025-04-03,LAL vs. GSW,L,40,33,5,9,1,1,4,Before,-6,2025-04-11,20.8,7.4,8.0,1.8,0.8,3.0,LeBron James,LAL,2024-25,Sciatica
2025-04-04,LAL vs. NOP,W,33,27,0,8,2,0,1,Before,-5,2025-04-11,23.6,4.8,8.2,2.0,0.8,3.0,LeBron James,LAL,2024-25,Sciatica
2025-04-06,LAL @ OKC,W,34,19,3,7,1,0,2,Before,-4,2025-04-11,24.0,4.4,7.2,1.8,0.8,2.6,LeBron James,LAL,2024-25,Sciatica
2025-04-08,LAL @ OKC,L,35,28,7,3,1,0,6,Before,-3,2025-04-11,24.6,4.6,6.2,1.4,0.6,3.2,LeBron James,LAL,2024-25,Sciatica
2025-04-09,LAL @ DAL,W,36,27,7,3,1,0,2,Before,-2,2025-04-11,26.8,4.4,6.0,1.2,0.2,3.0,LeBron James,LAL,2024-25,Sciatica
2025-04-11,LAL vs. HOU,W,22,14,4,8,1,0,1,Before,-1,2025-04-11,23.0,4.2,5.8,1.2,0.0,2.4,LeBron James,LAL,2024-25,Sciatica
2025-11-18,LAL vs. UTA,W,30,11,3,12,1,0,1,After,1,2025-04-11,11.0,3.0,12.0,1.0,0.0,1.0,LeBron James,LAL,2024-25,Sciatica
2025-11-23,LAL @ UTA,W,34,17,6,8,1,0,2,After,2,2025-04-11,14.0,4.5,10.0,1.0,0.0,1.5,LeBron James,LAL,2024-25,Sciatica
2025-11-25,LAL vs. LAC,W,32,25,6,6,1,1,3,After,3,2025-04-11,17.666666666666668,5.0,8.666666666666666,1.0,0.3333333333333333,2.0,LeBron James,LAL,2024-25,Sciatica
2025-11-28,LAL vs. DAL,W,34,13,5,7,1,0,2,After,4,2025-04-11,16.5,5.0,8.25,1.0,0.25,2.0,LeBron James,LAL,2024-25,Sciatica
2025-12-01,LAL vs. PHX,L,31,10,0,3,0,0,3,After,5,2025-04-11,15.2,4.0,7.2,0.8,0.2,2.2,LeBron James,LAL,2024-25,Sciatica
2025-12-04,LAL @ TOR,W,36,8,6,11,0,0,0,After,6,2025-04-11,14.6,4.6,7.0,0.6,0.2,2.0,LeBron James,LAL,2024-25,Sciatica
2025-12-07,LAL @ PHI,W,34,29,7,6,1,1,2,After,7,2025-04-11,17.0,4.8,6.6,0.6,0.4,2.0,LeBron James,LAL,2024-25,Sciatica
2025-12-10,LAL vs. SAS,L,36,19,15,8,0,3,3,After,8,2025-04-11,15.8,6.6,7.0,0.4,0.8,2.0,LeBron James,LAL,2024-25,Sciatica
2025-12-14,LAL @ PHX,W,36,26,3,4,2,2,8,After,9,2025-04-11,18.4,6.2,6.4,0.6,1.2,3.2,LeBron James,LAL,2024-25,Sciatica
2025-12-18,LAL @ UTA,W,33,28,7,10,1,0,2,After,10,2025-04-11,22.0,7.6,7.8,0.8,1.2,3.0,LeBron James,LAL,2024-25,Sciatica
2025-12-20,LAL @ LAC,L,38,36,4,3,2,1,3,After,11,2025-04-11,27.6,7.2,6.2,1.2,1.4,3.6,LeBron James,LAL,2024-25,Sciatica
2025-12-23,LAL @ PHX,L,26,23,2,6,0,0,0,After,12,2025-04-11,26.4,6.2,6.2,1.0,1.2,3.2,LeBron James,LAL,2024-25,Sciatica
2025-12-25,LAL vs. HOU,L,32,18,2,5,2,1,3,After,13,2025-04-11,26.2,3.6,5.6,1.4,0.8,3.2,LeBron James,LAL,2024-25,Sciatica
2025-12-28,LAL vs. SAC,W,29,24,3,5,2,0,2,After,14,2025-04-11,25.8,3.6,5.8,1.4,0.4,2.0,LeBron James,LAL,2024-25,Sciatica
2025-12-30,LAL vs. DET,L,32,17,4,4,1,1,5,After,15,2025-04-11,23.6,3.0,4.6,1.4,0.6,2.6,LeBron James,LAL,2024-25,Sciatica
2026-01-02,LAL vs. MEM,W,36,31,9,6,0,0,4,After,16,2025-04-11,22.6,4.0,5.2,1.0,0.4,2.8,LeBron James,LAL,2024-25,Sciatica
2026-01-04,LAL vs. MEM,W,37,26,7,10,1,0,1,After,17,2025-04-11,23.2,5.0,6.0,1.2,0.4,3.0,LeBron James,LAL,2024-25,Sciatica
2026-01-06,LAL @ NOP,W,33,30,8,8,2,1,1,After,18,2025-04-11,25.6,6.2,6.6,1.2,0.4,2.6,LeBron James,LAL,2024-25,Sciatica
2026-01-09,LAL vs. MIL,L,33,26,9,10,3,0,3,After,19,2025-04-11,26.0,7.4,7.6,1.4,0.4,2.8,LeBron James,LAL,2024-25,Sciatica
2026-01-12,LAL @ SAC,L,33,22,4,3,1,0,3,After,20,2025-04-11,27.0,7.4,7.4,1.4,0.2,2.4,LeBron James,LAL,2024-25,Sciatica
2026-01-13,LAL vs. ATL,W,33,31,9,10,1,1,4,After,21,2025-04-11,27.0,7.4,8.2,1.6,0.4,2.4,LeBron James,LAL,2024-25,Sciatica
2026-01-15,LAL vs. CHA,L,33,29,9,6,2,1,3,After,22,2025-04-11,27.6,7.8,7.4,1.8,0.6,2.8,LeBron James,LAL,2024-25,Sciatica
2026-01-17,LAL @ POR,L,32,20,9,8,1,2,4,After,23,2025-04-11,25.6,8.0,7.4,1.6,0.8,3.4,LeBron James,LAL,2024-25,Sciatica
2026-01-18,LAL vs. TOR,W,32,24,4,7,0,2,3,After,24,2025-04-11,25.2,7.0,6.8,1.0,1.2,3.4,LeBron James,LAL,2024-25,Sciatica
2026-01-20,LAL @ DEN,W,34,19,9,8,0,0,6,After,25,2025-04-11,24.6,8.0,7.8,0.8,1.2,4.0,LeBron James,LAL,2024-25,Sciatica
2026-01-22,LAL @ LAC,L,36,23,5,6,2,0,4,After,26,2025-04-11,23.0,7.2,7.0,1.0,1.0,4.0,LeBron James,LAL,2024-25,Sciatica
2026-01-24,LAL @ DAL,W,37,17,8,5,1,1,1,After,27,2025-04-11,20.6,7.0,6.8,0.8,1.0,3.6,LeBron James,LAL,2024-25,Sciatica
2026-01-26,LAL @ CHI,W,33,24,5,3,1,0,2,After,28,2025-04-11,21.4,6.2,5.8,0.8,0.6,3.2,LeBron James,LAL,2024-25,Sciatica
2026-01-28,LAL @ CLE,L,27,11,3,5,1,0,6,After,29,2025-04-11,18.8,6.0,5.4,1.0,0.2,3.8,LeBron James,LAL,2024-25,Sciatica
2026-01-30,LAL @ WAS,W,30,20,3,6,2,0,3,After,30,2025-04-11,19.0,4.8,5.0,1.4,0.2,3.2,LeBron James,LAL,2024-25,Sciatica
2026-02-01,LAL @ NYK,L,35,22,5,6,1,0,1,After,31,2025-04-11,18.8,4.8,5.0,1.2,0.2,2.6,LeBron James,LAL,2024-25,Sciatica
2026-02-03,LAL @ BKN,W,30,25,3,7,3,0,1,After,32,2025-04-11,20.4,3.8,5.4,1.6,0.0,2.6,LeBron James,LAL,2024-25,Sciatica
2026-02-05,LAL vs. PHI,W,37,17,4,10,0,1,8,After,33,2025-04-11,19.0,3.6,6.8,1.4,0.2,3.8,LeBron James,LAL,2024-25,Sciatica
2026-02-07,LAL vs. GSW,W,35,20,7,10,1,1,7,After,34,2025-04-11,20.8,4.4,7.8,1.4,0.4,4.0,LeBron James,LAL,2024-25,Sciatica
2026-02-09,LAL vs. OKC,L,36,22,6,10,1,0,3,After,35,2025-04-11,21.2,5.0,8.6,1.2,0.4,4.0,LeBron James,LAL,2024-25,Sciatica
2026-02-12,LAL vs. DAL,W,35,28,10,12,0,1,4,After,36,2025-04-11,22.4,6.0,9.8,1.0,0.6,4.6,LeBron James,LAL,2024-25,Sciatica
2026-02-20,LAL vs. LAC,W,33,13,3,11,1,0,3,After,37,2025-04-11,20.0,6.0,10.6,0.6,0.6,5.0,LeBron James,LAL,2024-25,Sciatica
2026-02-22,LAL vs. BOS,L,34,20,4,5,2,1,1,After,38,2025-04-11,20.6,6.0,9.6,1.0,0.6,3.6,LeBron James,LAL,2024-25,Sciatica
2026-02-24,LAL vs. ORL,L,32,21,6,4,0,2,5,After,39,2025-04-11,20.8,5.8,8.4,0.8,0.8,3.2,LeBron James,LAL,2024-25,Sciatica
2026-02-26,LAL @ PHX,L,35,15,6,5,0,0,1,After,40,2025-04-11,19.4,5.8,7.4,0.6,0.8,2.8,LeBron James,LAL,2024-25,Sciatica
2026-02-28,LAL @ GSW,W,28,22,7,9,1,0,4,After,41,2025-04-11,18.2,5.2,6.8,0.8,0.6,2.8,LeBron James,LAL,2024-25,Sciatica
2026-03-01,LAL vs. SAC,W,27,24,1,5,2,1,3,After,42,2025-04-11,20.4,4.8,5.6,1.0,0.8,2.8,LeBron James,LAL,2024-25,Sciatica
2026-03-03,LAL vs. NOP,W,33,21,7,7,0,2,5,After,43,2025-04-11,20.6,5.4,6.0,0.6,1.0,3.6,LeBron James,LAL,2024-25,Sciatica
2026-03-05,LAL @ DEN,L,34,16,5,8,3,1,1,After,44,2025-04-11,19.6,5.2,6.8,1.2,0.8,2.8,LeBron James,LAL,2024-25,Sciatica
2026-03-12,LAL vs. CHI,W,33,18,7,7,2,1,4,After,45,2025-04-11,20.2,5.4,7.2,1.6,1.0,3.4,LeBron James,LAL,2024-25,Sciatica
2026-03-14,LAL vs. DEN,W,40,17,6,5,2,0,5,After,46,2025-04-11,19.2,5.2,6.4,1.8,1.0,3.6,LeBron James,LAL,2024-25,Sciatica
2026-03-16,LAL @ HOU,W,33,18,5,5,2,0,1,After,47,2025-04-11,18.0,6.0,6.4,1.8,0.8,3.2,LeBron James,LAL,2024-25,Sciatica
2026-03-18,LAL @ HOU,W,34,30,5,2,1,1,2,After,48,2025-04-11,19.8,5.6,5.4,2.0,0.6,2.6,LeBron James,LAL,2024-25,Sciatica
2026-03-19,LAL @ MIA,W,38,19,15,10,0,0,3,After,49,2025-04-11,20.4,7.6,5.8,1.4,0.4,3.0,LeBron James,LAL,2024-25,Sciatica
2026-03-21,LAL @ ORL,W,34,12,6,4,3,0,1,After,50,2025-04-11,19.2,7.4,5.2,1.6,0.2,2.4,LeBron James,LAL,2024-25,Sciatica
2026-03-23,LAL @ DET,L,39,12,9,10,0,1,4,After,51,2025-04-11,18.2,8.0,6.2,1.2,0.4,2.2,LeBron James,LAL,2024-25,Sciatica
2026-03-25,LAL @ IND,W,34,23,9,9,1,0,1,After,52,2025-04-11,19.2,8.8,7.0,1.0,0.4,2.2,LeBron James,LAL,2024-25,Sciatica
2026-03-27,LAL vs. BKN,W,37,14,6,8,1,0,1,After,53,2025-04-11,16.0,9.0,8.2,1.0,0.2,2.0,LeBron James,LAL,2024-25,Sciatica
2026-03-30,LAL vs. WAS,W,33,21,10,12,0,1,4,After,54,2025-04-11,16.4,8.0,8.6,1.0,0.4,2.2,LeBron James,LAL,2024-25,Sciatica
2026-03-31,LAL vs. CLE,W,31,14,5,6,1,1,3,After,55,2025-04-11,16.8,7.8,9.0,0.6,0.6,2.6,LeBron James,LAL,2024-25,Sciatica
2026-04-02,LAL @ OKC,L,26,13,6,2,1,1,2,After,56,2025-04-11,17.0,7.2,7.4,0.8,0.6,2.2,LeBron James,LAL,2024-25,Sciatica
2026-04-05,LAL @ DAL,L,39,30,9,15,1,0,4,After,57,2025-04-11,18.4,7.2,8.6,0.8,0.6,2.8,LeBron James,LAL,2024-25,Sciatica
2026-04-09,LAL @ GSW,W,32,26,8,11,2,1,4,After,58,2025-04-11,20.8,7.6,9.2,1.0,0.8,3.4,LeBron James,LAL,2024-25,Sciatica
2026-04-10,LAL vs. PHX,W,32,28,6,12,4,0,2,After,59,2025-04-11,22.2,6.8,9.2,1.8,0.6,3.0,LeBron James,LAL,2024-25,Sciatica
2026-04-12,LAL vs. UTA,W,17,18,4,6,3,0,4,After,60,2025-04-11,23.0,6.6,9.2,2.2,0.4,3.2,LeBron James,LAL,2024-25,Sciatica
2024-10-23,CHA @ HOU,W,38,34,8,11,1,1,2,Before,-47,2025-03-25,34.0,8.0,11.0,1.0,1.0,2.0,LaMelo Ball,CHA,2024-25,Ankle
2024-10-25,CHA @ ATL,L,29,34,5,4,1,1,10,Before,-46,2025-03-25,34.0,6.5,7.5,1.0,1.0,6.0,LaMelo Ball,CHA,2024-25,Ankle
2024-10-26,CHA vs. MIA,L,37,27,8,7,1,0,5,Before,-45,2025-03-25,31.666666666666668,7.0,7.333333333333333,1.0,0.6666666666666666,5.666666666666667,LaMelo Ball,CHA,2024-25,Ankle
2024-10-30,CHA vs. TOR,W,32,19,3,6,2,0,6,Before,-44,2025-03-25,28.5,6.0,7.0,1.25,0.5,5.75,LaMelo Ball,CHA,2024-25,Ankle
2024-11-01,CHA vs. BOS,L,31,31,2,4,1,0,4,Before,-43,2025-03-25,29.0,5.2,6.4,1.2,0.4,5.4,LaMelo Ball,CHA,2024-25,Ankle
2024-11-02,CHA vs. BOS,L,37,36,4,6,3,0,6,Before,-42,2025-03-25,29.4,4.4,5.4,1.6,0.2,6.2,LaMelo Ball,CHA,2024-25,Ankle
2024-11-04,CHA @ MIN,L,25,19,2,2,1,0,5,Before,-41,2025-03-25,26.4,3.8,5.0,1.6,0.0,5.2,LaMelo Ball,CHA,2024-25,Ankle
2024-11-06,CHA vs. DET,W,32,25,6,8,2,0,2,Before,-40,2025-03-25,26.0,3.4,5.2,1.8,0.0,4.6,LaMelo Ball,CHA,2024-25,Ankle
2024-11-08,CHA vs. IND,W,33,31,7,6,1,1,1,Before,-39,2025-03-25,28.4,4.2,5.2,1.6,0.2,3.6,LaMelo Ball,CHA,2024-25,Ankle
2024-11-10,CHA @ PHI,L,41,38,4,8,2,0,6,Before,-38,2025-03-25,29.8,4.6,6.0,1.8,0.2,4.0,LaMelo Ball,CHA,2024-25,Ankle
2024-11-12,CHA @ ORL,L,35,35,6,7,0,0,3,Before,-37,2025-03-25,29.6,5.0,6.2,1.2,0.2,3.4,LaMelo Ball,CHA,2024-25,Ankle
2024-11-16,CHA vs. MIL,W,36,26,9,6,0,0,2,Before,-36,2025-03-25,31.0,6.4,7.0,1.0,0.2,2.8,LaMelo Ball,CHA,2024-25,Ankle
2024-11-17,CHA @ CLE,L,35,31,1,12,1,0,5,Before,-35,2025-03-25,32.2,5.4,7.8,0.8,0.2,3.4,LaMelo Ball,CHA,2024-25,Ankle
2024-11-19,CHA @ BKN,L,24,12,2,5,1,0,4,Before,-34,2025-03-25,28.4,4.4,7.6,0.8,0.0,4.0,LaMelo Ball,CHA,2024-25,Ankle
2024-11-21,CHA vs. DET,W,33,35,6,9,1,0,2,Before,-33,2025-03-25,27.8,4.8,7.8,0.6,0.0,3.2,LaMelo Ball,CHA,2024-25,Ankle
2024-11-23,CHA @ MIL,L,40,50,5,10,1,0,4,Before,-32,2025-03-25,30.8,4.6,8.4,0.8,0.0,3.4,LaMelo Ball,CHA,2024-25,Ankle
2024-11-25,CHA vs. ORL,L,40,44,9,7,1,1,7,Before,-31,2025-03-25,34.4,4.6,8.6,1.0,0.2,4.4,LaMelo Ball,CHA,2024-25,Ankle
2024-11-27,CHA vs. MIA,L,37,32,10,7,0,0,7,Before,-30,2025-03-25,34.6,6.4,7.6,0.8,0.2,4.8,LaMelo Ball,CHA,2024-25,Ankle
2024-12-16,CHA vs. PHI,L,26,15,5,11,4,0,3,Before,-29,2025-03-25,35.2,7.0,8.8,1.4,0.2,4.6,LaMelo Ball,CHA,2024-25,Ankle
2024-12-19,CHA @ WAS,L,34,34,4,13,4,0,1,Before,-28,2025-03-25,35.0,6.6,9.6,2.0,0.2,4.4,LaMelo Ball,CHA,2024-25,Ankle
2024-12-23,CHA vs. HOU,L,30,23,5,8,0,1,0,Before,-27,2025-03-25,29.6,6.6,9.2,1.8,0.4,3.6,LaMelo Ball,CHA,2024-25,Ankle
2024-12-26,CHA @ WAS,L,38,31,6,6,1,0,5,Before,-26,2025-03-25,27.0,6.0,9.0,1.8,0.2,3.2,LaMelo Ball,CHA,2024-25,Ankle
2025-01-05,CHA @ CLE,L,33,24,3,4,0,0,3,Before,-25,2025-03-25,25.4,4.6,8.4,1.8,0.2,2.4,LaMelo Ball,CHA,2024-25,Ankle
2025-01-07,CHA vs. PHX,W,35,32,10,7,4,0,1,Before,-24,2025-03-25,28.8,5.6,7.6,1.8,0.2,2.0,LaMelo Ball,CHA,2024-25,Ankle
2025-01-12,CHA @ PHX,L,40,25,6,11,3,1,3,Before,-23,2025-03-25,27.0,6.0,7.2,1.6,0.4,2.4,LaMelo Ball,CHA,2024-25,Ankle
2025-01-15,CHA @ UTA,W,39,27,6,9,0,3,6,Before,-22,2025-03-25,27.8,6.2,7.4,1.6,0.8,3.6,LaMelo Ball,CHA,2024-25,Ankle
2025-01-17,CHA @ CHI,W,32,26,1,9,2,0,3,Before,-21,2025-03-25,26.8,5.2,8.0,1.8,0.8,3.2,LaMelo Ball,CHA,2024-25,Ankle
2025-01-20,CHA vs. DAL,W,38,23,7,9,1,1,2,Before,-20,2025-03-25,26.6,6.0,9.0,2.0,1.0,3.0,LaMelo Ball,CHA,2024-25,Ankle
2025-01-22,CHA @ MEM,L,34,22,8,6,0,0,2,Before,-19,2025-03-25,24.6,5.6,8.8,1.2,1.0,3.2,LaMelo Ball,CHA,2024-25,Ankle
2025-01-25,CHA vs. NOP,W,30,25,5,7,3,0,4,Before,-18,2025-03-25,24.6,5.4,8.0,1.2,0.8,3.4,LaMelo Ball,CHA,2024-25,Ankle
2025-01-27,CHA vs. LAL,L,9,7,0,1,1,0,1,Before,-17,2025-03-25,20.6,4.2,6.4,1.4,0.2,2.4,LaMelo Ball,CHA,2024-25,Ankle
2025-02-07,CHA vs. SAS,W,36,24,4,10,0,0,3,Before,-16,2025-03-25,20.2,4.8,6.6,1.0,0.2,2.4,LaMelo Ball,CHA,2024-25,Ankle
2025-02-10,CHA @ BKN,L,10,5,1,3,1,0,0,Before,-15,2025-03-25,16.6,3.6,5.4,1.0,0.0,2.0,LaMelo Ball,CHA,2024-25,Ankle
2025-02-19,CHA @ LAL,W,33,27,5,6,1,0,3,Before,-14,2025-03-25,17.6,3.0,5.4,1.2,0.0,2.2,LaMelo Ball,CHA,2024-25,Ankle
2025-02-22,CHA @ POR,L,22,5,4,2,0,1,0,Before,-13,2025-03-25,13.6,2.8,4.4,0.6,0.2,1.4,LaMelo Ball,CHA,2024-25,Ankle
2025-02-24,CHA @ SAC,L,29,13,6,9,1,0,3,Before,-12,2025-03-25,14.8,4.0,6.0,0.6,0.2,1.8,LaMelo Ball,CHA,2024-25,Ankle
2025-03-01,CHA vs. WAS,L,32,20,7,3,0,0,6,Before,-11,2025-03-25,14.0,4.6,4.6,0.6,0.2,2.4,LaMelo Ball,CHA,2024-25,Ankle
2025-03-03,CHA vs. GSW,L,34,25,9,7,1,1,6,Before,-10,2025-03-25,18.0,6.2,5.4,0.6,0.4,3.6,LaMelo Ball,CHA,2024-25,Ankle
2025-03-05,CHA vs. MIN,L,36,28,10,6,0,0,4,Before,-9,2025-03-25,18.2,7.2,5.4,0.4,0.4,3.8,LaMelo Ball,CHA,2024-25,Ankle
2025-03-07,CHA vs. CLE,L,23,13,1,7,1,0,1,Before,-8,2025-03-25,19.8,6.6,6.4,0.6,0.2,4.0,LaMelo Ball,CHA,2024-25,Ankle
2025-03-10,CHA @ MIA,W,36,15,6,10,1,0,4,Before,-7,2025-03-25,20.2,6.6,6.6,0.6,0.2,4.2,LaMelo Ball,CHA,2024-25,Ankle
2025-03-12,CHA @ ATL,L,30,25,2,9,2,1,3,Before,-6,2025-03-25,21.2,5.6,7.8,1.0,0.4,3.6,LaMelo Ball,CHA,2024-25,Ankle
2025-03-14,CHA @ SAS,W,29,27,3,15,1,0,4,Before,-5,2025-03-25,21.6,4.4,9.4,1.0,0.2,3.2,LaMelo Ball,CHA,2024-25,Ankle
2025-03-16,CHA @ LAC,L,31,16,2,5,0,0,4,Before,-4,2025-03-25,19.2,2.8,9.2,1.0,0.2,3.2,LaMelo Ball,CHA,2024-25,Ankle
2025-03-20,CHA vs. NYK,W,28,25,5,8,0,0,2,Before,-3,2025-03-25,21.6,3.6,9.4,0.8,0.2,3.4,LaMelo Ball,CHA,2024-25,Ankle
2025-03-23,CHA @ MIA,L,34,18,3,11,2,0,5,Before,-2,2025-03-25,22.2,3.0,9.6,1.0,0.2,3.6,LaMelo Ball,CHA,2024-25,Ankle
2025-03-25,CHA vs. ORL,L,29,25,1,9,0,0,4,Before,-1,2025-03-25,22.2,2.8,9.6,0.6,0.0,3.8,LaMelo Ball,CHA,2024-25,Ankle
2025-10-22,CHA vs. BKN,W,34,20,2,8,0,0,3,After,1,2025-03-25,20.0,2.0,8.0,0.0,0.0,3.0,LaMelo Ball,CHA,2024-25,Ankle
2025-10-25,CHA @ PHI,L,34,27,10,8,3,1,4,After,2,2025-03-25,23.5,6.0,8.0,1.5,0.5,3.5,LaMelo Ball,CHA,2024-25,Ankle
2025-10-26,CHA @ WAS,W,35,38,13,13,3,0,4,After,3,2025-03-25,28.333333333333332,8.333333333333334,9.666666666666666,2.0,0.3333333333333333,3.6666666666666665,LaMelo Ball,CHA,2024-25,Ankle
2025-10-28,CHA @ MIA,L,28,20,8,9,1,0,5,After,4,2025-03-25,26.25,8.25,9.5,1.75,0.25,4.0,LaMelo Ball,CHA,2024-25,Ankle
2025-10-30,CHA vs. ORL,L,36,17,7,13,2,0,3,After,5,2025-03-25,24.4,8.0,10.2,1.8,0.2,3.8,LaMelo Ball,CHA,2024-25,Ankle
2025-11-01,CHA vs. MIN,L,33,18,7,8,1,0,3,After,6,2025-03-25,24.0,9.0,10.2,2.0,0.2,3.8,LaMelo Ball,CHA,2024-25,Ankle
2025-11-14,CHA @ MIL,L,27,16,3,10,0,0,2,After,7,2025-03-25,21.8,7.6,10.6,1.4,0.0,3.4,LaMelo Ball,CHA,2024-25,Ankle
2025-11-17,CHA @ TOR,L,28,20,5,8,1,0,3,After,8,2025-03-25,18.2,6.0,9.6,1.0,0.0,3.2,LaMelo Ball,CHA,2024-25,Ankle
2025-11-19,CHA @ IND,L,27,18,7,9,2,0,6,After,9,2025-03-25,17.8,5.8,9.6,1.2,0.0,3.4,LaMelo Ball,CHA,2024-25,Ankle
2025-11-22,CHA vs. LAC,L,25,18,4,7,0,0,3,After,10,2025-03-25,18.0,5.2,8.4,0.8,0.0,3.4,LaMelo Ball,CHA,2024-25,Ankle
2025-11-26,CHA vs. NYK,L,27,11,6,4,1,0,4,After,11,2025-03-25,16.6,5.0,7.6,0.8,0.0,3.6,LaMelo Ball,CHA,2024-25,Ankle
2025-11-28,CHA vs. CHI,W,29,16,7,8,2,0,2,After,12,2025-03-25,16.6,5.8,7.2,1.2,0.0,3.6,LaMelo Ball,CHA,2024-25,Ankle
2025-11-29,CHA vs. TOR,W,22,14,2,5,0,0,2,After,13,2025-03-25,15.4,5.2,6.6,1.0,0.0,3.4,LaMelo Ball,CHA,2024-25,Ankle
2025-12-01,CHA @ BKN,L,29,12,5,14,0,2,3,After,14,2025-03-25,14.2,4.8,7.6,0.6,0.4,2.8,LaMelo Ball,CHA,2024-25,Ankle
2025-12-03,CHA @ NYK,L,37,34,8,9,1,0,4,After,15,2025-03-25,17.4,5.6,8.0,0.8,0.4,3.0,LaMelo Ball,CHA,2024-25,Ankle
2025-12-05,CHA @ TOR,W,12,11,2,3,1,0,2,After,16,2025-03-25,17.4,4.8,7.8,0.8,0.4,2.6,LaMelo Ball,CHA,2024-25,Ankle
2025-12-18,CHA vs. ATL,W,29,28,4,13,1,0,6,After,17,2025-03-25,19.8,4.2,8.8,0.6,0.4,3.4,LaMelo Ball,CHA,2024-25,Ankle
2025-12-20,CHA @ DET,L,23,8,1,6,2,2,4,After,18,2025-03-25,18.6,4.0,9.0,1.0,0.8,3.8,LaMelo Ball,CHA,2024-25,Ankle
2025-12-22,CHA @ CLE,L,24,23,4,9,0,0,3,After,19,2025-03-25,20.8,3.8,8.0,1.0,0.4,3.8,LaMelo Ball,CHA,2024-25,Ankle
2025-12-23,CHA vs. WAS,W,25,23,2,9,1,1,2,After,20,2025-03-25,18.6,2.6,8.0,1.0,0.6,3.4,LaMelo Ball,CHA,2024-25,Ankle
2025-12-26,CHA @ ORL,W,29,22,7,5,1,0,6,After,21,2025-03-25,20.8,3.6,8.4,1.0,0.6,4.2,LaMelo Ball,CHA,2024-25,Ankle
2025-12-29,CHA vs. MIL,L,29,26,2,7,1,0,6,After,22,2025-03-25,20.4,3.2,7.2,1.0,0.6,4.2,LaMelo Ball,CHA,2024-25,Ankle
2025-12-31,CHA vs. GSW,L,30,27,5,5,3,0,5,After,23,2025-03-25,24.2,4.0,7.0,1.2,0.2,4.4,LaMelo Ball,CHA,2024-25,Ankle
2026-01-02,CHA @ MIL,L,26,12,2,7,2,0,0,After,24,2025-03-25,22.0,3.6,6.6,1.6,0.2,3.8,LaMelo Ball,CHA,2024-25,Ankle
2026-01-03,CHA @ CHI,W,26,17,6,7,2,0,1,After,25,2025-03-25,20.8,4.4,6.2,1.8,0.0,3.6,LaMelo Ball,CHA,2024-25,Ankle
2026-01-05,CHA @ OKC,W,25,16,2,2,0,0,4,After,26,2025-03-25,19.6,3.4,5.6,1.6,0.0,3.2,LaMelo Ball,CHA,2024-25,Ankle
2026-01-07,CHA vs. TOR,L,25,15,7,7,1,0,1,After,27,2025-03-25,17.4,4.4,5.6,1.6,0.0,2.2,LaMelo Ball,CHA,2024-25,Ankle
2026-01-08,CHA vs. IND,L,27,33,3,8,3,0,3,After,28,2025-03-25,18.6,4.0,6.2,1.6,0.0,1.8,LaMelo Ball,CHA,2024-25,Ankle
2026-01-10,CHA @ UTA,W,23,17,5,5,0,0,5,After,29,2025-03-25,19.6,4.6,5.8,1.2,0.0,2.8,LaMelo Ball,CHA,2024-25,Ankle
2026-01-12,CHA @ LAC,L,32,25,9,5,1,0,3,After,30,2025-03-25,21.2,5.2,5.4,1.0,0.0,3.2,LaMelo Ball,CHA,2024-25,Ankle
2026-01-15,CHA @ LAL,W,29,30,6,11,0,1,2,After,31,2025-03-25,24.0,6.0,7.2,1.0,0.2,2.8,LaMelo Ball,CHA,2024-25,Ankle
2026-01-17,CHA @ GSW,L,21,15,4,2,0,0,1,After,32,2025-03-25,24.0,5.4,6.2,0.8,0.2,2.8,LaMelo Ball,CHA,2024-25,Ankle
2026-01-18,CHA @ DEN,W,19,10,1,6,3,0,1,After,33,2025-03-25,19.4,5.0,5.8,0.8,0.2,2.4,LaMelo Ball,CHA,2024-25,Ankle
2026-01-21,CHA vs. CLE,L,22,2,5,7,2,1,2,After,34,2025-03-25,16.4,5.0,6.2,1.2,0.4,1.8,LaMelo Ball,CHA,2024-25,Ankle
2026-01-22,CHA @ ORL,W,28,16,6,7,0,1,2,After,35,2025-03-25,14.6,4.4,6.6,1.0,0.6,1.6,LaMelo Ball,CHA,2024-25,Ankle
2026-01-24,CHA vs. WAS,W,32,20,2,11,1,0,3,After,36,2025-03-25,12.6,3.6,6.6,1.2,0.4,1.8,LaMelo Ball,CHA,2024-25,Ankle
2026-01-26,CHA vs. PHI,W,20,11,2,8,1,0,4,After,37,2025-03-25,11.8,3.2,7.8,1.4,0.4,2.4,LaMelo Ball,CHA,2024-25,Ankle
2026-01-28,CHA @ MEM,W,23,16,1,4,2,0,2,After,38,2025-03-25,13.0,3.2,7.4,1.2,0.4,2.6,LaMelo Ball,CHA,2024-25,Ankle
2026-01-29,CHA @ DAL,W,31,22,3,9,0,1,3,After,39,2025-03-25,17.0,2.8,7.8,0.8,0.4,2.8,LaMelo Ball,CHA,2024-25,Ankle
2026-01-31,CHA vs. SAS,W,32,16,8,8,0,0,3,After,40,2025-03-25,17.0,3.2,8.0,0.8,0.2,3.0,LaMelo Ball,CHA,2024-25,Ankle
2026-02-02,CHA vs. NOP,W,30,24,8,5,2,0,2,After,41,2025-03-25,17.8,4.4,6.8,1.0,0.2,2.8,LaMelo Ball,CHA,2024-25,Ankle
2026-02-05,CHA @ HOU,W,29,20,6,4,0,0,3,After,42,2025-03-25,19.6,5.2,6.0,0.8,0.2,2.6,LaMelo Ball,CHA,2024-25,Ankle
2026-02-07,CHA @ ATL,W,31,19,1,9,2,0,2,After,43,2025-03-25,20.2,5.2,7.0,0.8,0.2,2.6,LaMelo Ball,CHA,2024-25,Ankle
2026-02-09,CHA vs. DET,L,29,20,4,4,0,0,3,After,44,2025-03-25,19.8,5.4,6.0,0.8,0.0,2.6,LaMelo Ball,CHA,2024-25,Ankle
2026-02-11,CHA vs. ATL,W,32,24,4,6,1,0,1,After,45,2025-03-25,21.4,4.6,5.6,1.0,0.0,2.2,LaMelo Ball,CHA,2024-25,Ankle
2026-02-19,CHA vs. HOU,L,31,11,7,7,1,0,1,After,46,2025-03-25,18.8,4.4,6.0,0.8,0.0,2.0,LaMelo Ball,CHA,2024-25,Ankle
2026-02-20,CHA vs. CLE,L,27,18,2,6,0,0,2,After,47,2025-03-25,18.4,3.6,6.4,0.8,0.0,1.8,LaMelo Ball,CHA,2024-25,Ankle
2026-02-22,CHA @ WAS,W,27,37,8,7,1,0,0,After,48,2025-03-25,22.0,5.0,6.0,0.6,0.0,1.4,LaMelo Ball,CHA,2024-25,Ankle
2026-02-24,CHA @ CHI,W,23,16,3,7,1,0,2,After,49,2025-03-25,21.2,4.8,6.6,0.8,0.0,1.2,LaMelo Ball,CHA,2024-25,Ankle
2026-02-26,CHA @ IND,W,22,20,4,8,1,1,3,After,50,2025-03-25,20.4,4.8,7.0,0.8,0.2,1.6,LaMelo Ball,CHA,2024-25,Ankle
2026-02-28,CHA vs. POR,W,30,15,4,8,2,0,1,After,51,2025-03-25,21.2,4.2,7.2,1.0,0.2,1.6,LaMelo Ball,CHA,2024-25,Ankle
2026-03-03,CHA vs. DAL,W,29,15,5,9,5,1,4,After,52,2025-03-25,20.6,4.8,7.8,2.0,0.4,2.0,LaMelo Ball,CHA,2024-25,Ankle
2026-03-04,CHA @ BOS,W,23,18,7,4,0,0,0,After,53,2025-03-25,16.8,4.6,7.2,1.8,0.4,2.0,LaMelo Ball,CHA,2024-25,Ankle
2026-03-06,CHA vs. MIA,L,33,21,2,5,1,0,3,After,54,2025-03-25,17.8,4.4,6.8,1.8,0.4,2.2,LaMelo Ball,CHA,2024-25,Ankle
2026-03-08,CHA @ PHX,L,33,22,7,6,0,0,2,After,55,2025-03-25,18.2,5.0,6.4,1.6,0.2,2.0,LaMelo Ball,CHA,2024-25,Ankle
2026-03-10,CHA @ POR,W,22,14,4,4,1,0,3,After,56,2025-03-25,18.0,5.0,5.6,1.4,0.2,2.4,LaMelo Ball,CHA,2024-25,Ankle
2026-03-11,CHA @ SAC,W,31,30,6,5,1,0,3,After,57,2025-03-25,21.0,5.2,4.8,0.6,0.0,2.2,LaMelo Ball,CHA,2024-25,Ankle
2026-03-14,CHA @ SAS,L,22,17,4,2,3,1,1,After,58,2025-03-25,20.8,4.6,4.4,1.2,0.2,2.4,LaMelo Ball,CHA,2024-25,Ankle
2026-03-17,CHA vs. MIA,W,33,30,6,13,1,0,5,After,59,2025-03-25,22.6,5.4,6.0,1.2,0.2,2.8,LaMelo Ball,CHA,2024-25,Ankle
2026-03-19,CHA vs. ORL,W,20,20,6,5,3,1,3,After,60,2025-03-25,22.2,5.2,5.8,1.8,0.4,3.0,LaMelo Ball,CHA,2024-25,Ankle
2026-03-21,CHA vs. MEM,W,29,29,3,4,3,1,3,After,61,2025-03-25,25.2,5.0,5.8,2.2,0.6,3.0,LaMelo Ball,CHA,2024-25,Ankle
2026-03-24,CHA vs. SAC,W,23,20,6,8,2,0,0,After,62,2025-03-25,23.2,5.0,6.4,2.4,0.6,2.4,LaMelo Ball,CHA,2024-25,Ankle
2026-03-26,CHA vs. NYK,W,36,22,5,6,0,0,1,After,63,2025-03-25,24.2,5.2,7.2,1.8,0.4,2.4,LaMelo Ball,CHA,2024-25,Ankle
2026-03-28,CHA vs. PHI,L,37,20,3,8,1,0,2,After,64,2025-03-25,22.2,4.6,6.2,1.8,0.4,1.8,LaMelo Ball,CHA,2024-25,Ankle
2026-03-29,CHA vs. BOS,L,26,19,4,3,1,0,4,After,65,2025-03-25,22.0,4.2,5.8,1.4,0.2,2.0,LaMelo Ball,CHA,2024-25,Ankle
2026-03-31,CHA @ BKN,W,28,14,7,9,0,0,3,After,66,2025-03-25,19.0,5.0,6.8,0.8,0.0,2.0,LaMelo Ball,CHA,2024-25,Ankle
2026-04-02,CHA vs. PHX,W,25,15,2,11,1,0,0,After,67,2025-03-25,18.0,4.2,7.4,0.6,0.0,2.0,LaMelo Ball,CHA,2024-25,Ankle
2026-04-03,CHA vs. IND,W,30,18,6,9,2,0,3,After,68,2025-03-25,17.2,4.4,8.0,1.0,0.0,2.4,LaMelo Ball,CHA,2024-25,Ankle
2026-04-05,CHA @ MIN,W,31,35,3,8,1,0,4,After,69,2025-03-25,20.2,4.4,8.0,1.0,0.0,2.8,LaMelo Ball,CHA,2024-25,Ankle
2026-04-07,CHA @ BOS,L,37,36,5,6,1,0,4,After,70,2025-03-25,23.6,4.6,8.6,1.0,0.0,2.8,LaMelo Ball,CHA,2024-25,Ankle
2026-04-10,CHA vs. DET,L,33,27,5,8,2,1,4,After,71,2025-03-25,26.2,4.2,8.4,1.4,0.2,3.0,LaMelo Ball,CHA,2024-25,Ankle
2026-04-12,CHA @ NYK,W,29,19,7,6,2,1,5,After,72,2025-03-25,27.0,5.2,7.4,1.6,0.4,4.0,LaMelo Ball,CHA,2024-25,Ankle
2024-10-23,PHI vs. MIL,L,4,4,2,0,0,0,0,Before,-23,2024-12-13,4.0,2.0,0.0,0.0,0.0,0.0,Jared McCain,PHI,2024-25,Knee (meniscus)
2024-10-25,PHI @ TOR,L,4,0,1,1,0,0,0,Before,-22,2024-12-13,2.0,1.5,0.5,0.0,0.0,0.0,Jared McCain,PHI,2024-25,Knee (meniscus)
2024-10-27,PHI @ IND,W,17,4,2,1,0,0,1,Before,-21,2024-12-13,2.6666666666666665,1.6666666666666667,0.6666666666666666,0.0,0.0,0.3333333333333333,Jared McCain,PHI,2024-25,Knee (meniscus)
2024-10-30,PHI vs. DET,L,22,12,3,3,0,0,1,Before,-20,2024-12-13,5.0,2.0,1.25,0.0,0.0,0.5,Jared McCain,PHI,2024-25,Knee (meniscus)
2024-11-02,PHI vs. MEM,L,17,19,4,1,1,0,1,Before,-19,2024-12-13,7.8,2.4,1.2,0.2,0.0,0.6,Jared McCain,PHI,2024-25,Knee (meniscus)
2024-11-04,PHI @ PHX,L,3,3,1,1,0,0,0,Before,-18,2024-12-13,7.6,2.2,1.4,0.2,0.0,0.6,Jared McCain,PHI,2024-25,Knee (meniscus)
2024-11-06,PHI @ LAC,L,12,5,1,2,1,0,0,Before,-17,2024-12-13,8.6,2.2,1.6,0.4,0.0,0.6,Jared McCain,PHI,2024-25,Knee (meniscus)
2024-11-08,PHI @ LAL,L,31,18,1,2,1,0,2,Before,-16,2024-12-13,11.4,2.0,1.8,0.6,0.0,0.8,Jared McCain,PHI,2024-25,Knee (meniscus)
2024-11-10,PHI vs. CHA,W,31,27,3,2,0,0,1,Before,-15,2024-12-13,14.4,2.0,1.6,0.6,0.0,0.8,Jared McCain,PHI,2024-25,Knee (meniscus)
2024-11-12,PHI vs. NYK,L,30,23,3,2,0,0,2,Before,-14,2024-12-13,15.2,1.8,1.8,0.4,0.0,1.0,Jared McCain,PHI,2024-25,Knee (meniscus)
2024-11-13,PHI vs. CLE,L,38,34,2,10,2,0,3,Before,-13,2024-12-13,21.4,2.0,3.6,0.8,0.0,1.6,Jared McCain,PHI,2024-25,Knee (meniscus)
2024-11-15,PHI @ ORL,L,31,29,1,4,0,0,0,Before,-12,2024-12-13,26.2,2.0,4.0,0.6,0.0,1.6,Jared McCain,PHI,2024-25,Knee (meniscus)
2024-11-18,PHI @ MIA,L,37,20,4,4,2,0,2,Before,-11,2024-12-13,26.6,2.6,4.4,0.8,0.0,1.6,Jared McCain,PHI,2024-25,Knee (meniscus)
2024-11-20,PHI @ MEM,L,41,20,2,5,0,0,3,Before,-10,2024-12-13,25.2,2.4,5.0,0.8,0.0,2.0,Jared McCain,PHI,2024-25,Knee (meniscus)
2024-11-22,PHI vs. BKN,W,39,30,5,3,2,0,3,Before,-9,2024-12-13,26.6,2.8,5.2,1.2,0.0,2.2,Jared McCain,PHI,2024-25,Knee (meniscus)
2024-11-24,PHI vs. LAC,L,28,18,0,4,0,0,1,Before,-8,2024-12-13,23.4,2.4,4.0,0.8,0.0,1.8,Jared McCain,PHI,2024-25,Knee (meniscus)
2024-11-27,PHI vs. HOU,L,41,15,6,1,1,0,3,Before,-7,2024-12-13,20.6,3.4,3.4,1.0,0.0,2.4,Jared McCain,PHI,2024-25,Knee (meniscus)
2024-11-30,PHI @ DET,W,29,7,4,0,0,0,2,Before,-6,2024-12-13,18.0,3.4,2.6,0.6,0.0,2.4,Jared McCain,PHI,2024-25,Knee (meniscus)
2024-12-03,PHI @ CHA,W,22,17,1,2,2,0,2,Before,-5,2024-12-13,17.4,3.2,2.0,1.0,0.0,2.2,Jared McCain,PHI,2024-25,Knee (meniscus)
2024-12-04,PHI vs. ORL,L,39,24,7,3,0,0,4,Before,-4,2024-12-13,16.2,3.6,2.0,0.6,0.0,2.4,Jared McCain,PHI,2024-25,Knee (meniscus)
2024-12-06,PHI vs. ORL,W,21,7,2,2,0,0,4,Before,-3,2024-12-13,14.0,4.0,1.6,0.6,0.0,3.0,Jared McCain,PHI,2024-25,Knee (meniscus)
2024-12-08,PHI @ CHI,W,28,11,0,4,3,0,0,Before,-2,2024-12-13,13.2,2.8,2.2,1.0,0.0,2.4,Jared McCain,PHI,2024-25,Knee (meniscus)
2024-12-13,PHI vs. IND,L,29,5,1,3,0,0,2,Before,-1,2024-12-13,12.8,2.2,2.8,1.0,0.0,2.4,Jared McCain,PHI,2024-25,Knee (meniscus)
2025-11-04,PHI @ CHI,L,15,0,1,2,0,0,0,After,1,2024-12-13,0.0,1.0,2.0,0.0,0.0,0.0,Jared McCain,PHI,2024-25,Knee (meniscus)
2025-11-09,PHI vs. DET,L,9,0,0,1,1,0,0,After,2,2024-12-13,0.0,0.5,1.5,0.5,0.0,0.0,Jared McCain,PHI,2024-25,Knee (meniscus)
2025-11-11,PHI vs. BOS,W,7,0,1,1,0,0,1,After,3,2024-12-13,0.0,0.6666666666666666,1.3333333333333333,0.3333333333333333,0.0,0.3333333333333333,Jared McCain,PHI,2024-25,Knee (meniscus)
2025-11-17,PHI vs. LAC,W,5,0,0,0,0,0,0,After,4,2024-12-13,0.0,0.5,1.0,0.25,0.0,0.25,Jared McCain,PHI,2024-25,Knee (meniscus)
2025-11-19,PHI vs. TOR,L,14,5,2,0,0,0,1,After,5,2024-12-13,1.0,0.8,0.8,0.2,0.0,0.4,Jared McCain,PHI,2024-25,Knee (meniscus)
2025-11-20,PHI @ MIL,W,13,8,2,0,0,0,1,After,6,2024-12-13,2.6,1.0,0.4,0.2,0.0,0.6,Jared McCain,PHI,2024-25,Knee (meniscus)
2025-11-23,PHI vs. MIA,L,26,15,1,2,1,0,1,After,7,2024-12-13,5.6,1.2,0.6,0.2,0.0,0.8,Jared McCain,PHI,2024-25,Knee (meniscus)
2025-11-25,PHI vs. ORL,L,25,15,1,3,0,0,0,After,8,2024-12-13,8.6,1.2,1.0,0.2,0.0,0.6,Jared McCain,PHI,2024-25,Knee (meniscus)
2025-11-28,PHI @ BKN,W,29,20,4,1,5,0,0,After,9,2024-12-13,12.6,2.0,1.2,1.2,0.0,0.6,Jared McCain,PHI,2024-25,Knee (meniscus)
2025-11-30,PHI vs. ATL,L,29,5,4,1,1,0,2,After,10,2024-12-13,12.6,2.4,1.4,1.4,0.0,0.8,Jared McCain,PHI,2024-25,Knee (meniscus)
2025-12-02,PHI vs. WAS,W,25,14,3,5,1,0,3,After,11,2024-12-13,13.8,2.6,2.4,1.6,0.0,1.2,Jared McCain,PHI,2024-25,Knee (meniscus)
2025-12-04,PHI vs. GSW,W,21,7,1,3,0,0,3,After,12,2024-12-13,12.2,2.6,2.6,1.4,0.0,1.6,Jared McCain,PHI,2024-25,Knee (meniscus)
2025-12-05,PHI @ MIL,W,23,8,6,4,2,0,0,After,13,2024-12-13,10.8,3.6,2.8,1.8,0.0,1.6,Jared McCain,PHI,2024-25,Knee (meniscus)
2025-12-07,PHI vs. LAL,L,13,8,1,1,0,0,0,After,14,2024-12-13,8.4,3.0,2.8,0.8,0.0,1.6,Jared McCain,PHI,2024-25,Knee (meniscus)
2025-12-12,PHI vs. IND,W,14,5,1,0,1,0,1,After,15,2024-12-13,8.4,2.4,2.6,0.8,0.0,1.4,Jared McCain,PHI,2024-25,Knee (meniscus)
2025-12-14,PHI @ ATL,L,18,0,3,5,2,0,0,After,16,2024-12-13,5.6,2.4,2.6,1.0,0.0,0.8,Jared McCain,PHI,2024-25,Knee (meniscus)
2025-12-19,PHI @ NYK,W,21,12,3,1,0,0,1,After,17,2024-12-13,6.6,2.8,2.2,1.0,0.0,0.4,Jared McCain,PHI,2024-25,Knee (meniscus)
2025-12-20,PHI vs. DAL,W,30,12,5,5,3,0,2,After,18,2024-12-13,7.4,2.6,2.4,1.2,0.0,0.8,Jared McCain,PHI,2024-25,Knee (meniscus)
2025-12-23,PHI vs. BKN,L,39,10,9,4,2,0,2,After,19,2024-12-13,7.8,4.2,3.0,1.6,0.0,1.2,Jared McCain,PHI,2024-25,Knee (meniscus)
2025-12-26,PHI @ CHI,L,17,6,3,0,2,0,0,After,20,2024-12-13,8.0,4.6,3.0,1.8,0.0,1.0,Jared McCain,PHI,2024-25,Knee (meniscus)
2025-12-28,PHI @ OKC,L,23,10,4,1,0,0,3,After,21,2024-12-13,10.0,4.8,2.2,1.4,0.0,1.6,Jared McCain,PHI,2024-25,Knee (meniscus)
2025-12-30,PHI @ MEM,W,13,2,4,1,0,0,0,After,22,2024-12-13,8.0,5.0,2.2,1.4,0.0,1.4,Jared McCain,PHI,2024-25,Knee (meniscus)
2026-01-01,PHI @ DAL,W,14,2,3,0,1,0,0,After,23,2024-12-13,6.0,4.6,1.2,1.0,0.0,1.0,Jared McCain,PHI,2024-25,Knee (meniscus)
2026-01-03,PHI @ NYK,W,18,6,2,1,0,1,0,After,24,2024-12-13,5.2,3.2,0.6,0.6,0.2,0.6,Jared McCain,PHI,2024-25,Knee (meniscus)
2026-01-05,PHI vs. DEN,L,19,3,0,4,0,0,1,After,25,2024-12-13,4.6,2.6,1.4,0.2,0.2,0.8,Jared McCain,PHI,2024-25,Knee (meniscus)
2026-01-07,PHI vs. WAS,W,11,2,0,0,0,0,0,After,26,2024-12-13,3.0,1.8,1.2,0.2,0.2,0.2,Jared McCain,PHI,2024-25,Knee (meniscus)
2026-01-09,PHI @ ORL,W,5,2,1,1,0,0,1,After,27,2024-12-13,3.0,1.2,1.2,0.2,0.2,0.4,Jared McCain,PHI,2024-25,Knee (meniscus)
2026-01-11,PHI @ TOR,L,9,5,1,1,0,0,0,After,28,2024-12-13,3.6,0.8,1.4,0.0,0.2,0.4,Jared McCain,PHI,2024-25,Knee (meniscus)
2026-01-12,PHI @ TOR,W,6,2,0,0,0,0,0,After,29,2024-12-13,2.8,0.4,1.2,0.0,0.0,0.4,Jared McCain,PHI,2024-25,Knee (meniscus)
2026-01-14,PHI vs. CLE,L,10,6,0,0,0,0,0,After,30,2024-12-13,3.4,0.4,0.4,0.0,0.0,0.2,Jared McCain,PHI,2024-25,Knee (meniscus)
2026-01-19,PHI vs. IND,W,1,0,0,0,0,0,0,After,31,2024-12-13,3.0,0.4,0.4,0.0,0.0,0.2,Jared McCain,PHI,2024-25,Knee (meniscus)
2026-01-26,PHI @ CHA,L,23,16,3,3,0,1,3,After,32,2024-12-13,5.8,0.8,0.8,0.0,0.2,0.6,Jared McCain,PHI,2024-25,Knee (meniscus)
2026-01-27,PHI vs. MIL,W,24,17,1,3,0,0,0,After,33,2024-12-13,8.2,0.8,1.2,0.0,0.2,0.6,Jared McCain,PHI,2024-25,Knee (meniscus)
2026-01-29,PHI vs. SAC,W,15,4,1,1,0,0,2,After,34,2024-12-13,8.6,1.0,1.4,0.0,0.2,1.0,Jared McCain,PHI,2024-25,Knee (meniscus)
2026-01-31,PHI vs. NOP,W,17,12,2,1,0,0,0,After,35,2024-12-13,9.8,1.4,1.6,0.0,0.2,1.0,Jared McCain,PHI,2024-25,Knee (meniscus)
2026-02-02,PHI @ LAC,W,14,6,2,4,0,0,2,After,36,2024-12-13,11.0,1.8,2.4,0.0,0.2,1.4,Jared McCain,PHI,2024-25,Knee (meniscus)
2026-02-03,PHI @ GSW,W,8,0,0,2,0,0,0,After,37,2024-12-13,7.8,1.2,2.2,0.0,0.0,0.8,Jared McCain,PHI,2024-25,Knee (meniscus)
2026-02-07,OKC vs. HOU,L,14,5,2,1,0,0,2,After,38,2024-12-13,5.4,1.4,1.8,0.0,0.0,1.2,Jared McCain,PHI,2024-25,Knee (meniscus)
2026-02-09,OKC @ LAL,W,14,7,3,0,0,0,0,After,39,2024-12-13,6.0,1.8,1.6,0.0,0.0,0.8,Jared McCain,PHI,2024-25,Knee (meniscus)
2026-02-11,OKC @ PHX,W,22,12,4,1,2,0,2,After,40,2024-12-13,6.0,2.2,1.6,0.4,0.0,1.2,Jared McCain,PHI,2024-25,Knee (meniscus)
2026-02-12,OKC vs. MIL,L,24,13,3,2,0,0,2,After,41,2024-12-13,7.4,2.4,1.2,0.4,0.0,1.2,Jared McCain,PHI,2024-25,Knee (meniscus)
2026-02-20,OKC vs. BKN,W,23,21,4,0,1,0,1,After,42,2024-12-13,11.6,3.2,0.8,0.6,0.0,1.4,Jared McCain,PHI,2024-25,Knee (meniscus)
2026-02-22,OKC vs. CLE,W,16,10,3,1,1,0,1,After,43,2024-12-13,12.6,3.4,0.8,0.8,0.0,1.2,Jared McCain,PHI,2024-25,Knee (meniscus)
2026-02-24,OKC @ TOR,W,10,5,4,0,1,0,1,After,44,2024-12-13,12.2,3.6,0.8,1.0,0.0,1.4,Jared McCain,PHI,2024-25,Knee (meniscus)
2026-02-25,OKC @ DET,L,30,20,3,2,0,0,0,After,45,2024-12-13,13.8,3.4,1.0,0.6,0.0,1.0,Jared McCain,PHI,2024-25,Knee (meniscus)
2026-02-27,OKC vs. DEN,W,19,14,2,1,1,0,2,After,46,2024-12-13,14.0,3.2,0.8,0.8,0.0,1.0,Jared McCain,PHI,2024-25,Knee (meniscus)
2026-03-01,OKC @ DAL,W,22,11,1,1,0,0,0,After,47,2024-12-13,12.0,2.6,1.0,0.6,0.0,0.8,Jared McCain,PHI,2024-25,Knee (meniscus)
2026-03-03,OKC @ CHI,W,25,20,3,1,2,0,2,After,48,2024-12-13,14.0,2.6,1.0,0.8,0.0,1.0,Jared McCain,PHI,2024-25,Knee (meniscus)
2026-03-04,OKC @ NYK,W,15,5,1,1,1,0,2,After,49,2024-12-13,14.0,2.0,1.2,0.8,0.0,1.2,Jared McCain,PHI,2024-25,Knee (meniscus)
2026-03-07,OKC vs. GSW,W,13,9,2,1,0,0,0,After,50,2024-12-13,11.8,1.8,1.0,0.8,0.0,1.2,Jared McCain,PHI,2024-25,Knee (meniscus)
2026-03-09,OKC vs. DEN,W,22,13,1,1,0,0,0,After,51,2024-12-13,11.6,1.6,1.0,0.6,0.0,0.8,Jared McCain,PHI,2024-25,Knee (meniscus)
2026-03-12,OKC vs. BOS,W,12,3,1,0,0,0,1,After,52,2024-12-13,10.0,1.6,0.8,0.6,0.0,1.0,Jared McCain,PHI,2024-25,Knee (meniscus)
2026-03-15,OKC vs. MIN,W,17,15,0,0,1,0,0,After,53,2024-12-13,9.0,1.0,0.6,0.4,0.0,0.6,Jared McCain,PHI,2024-25,Knee (meniscus)
2026-03-17,OKC @ ORL,W,12,6,2,0,0,0,0,After,54,2024-12-13,9.2,1.2,0.4,0.2,0.0,0.2,Jared McCain,PHI,2024-25,Knee (meniscus)
2026-03-18,OKC @ BKN,W,29,26,3,2,0,2,1,After,55,2024-12-13,12.6,1.4,0.6,0.2,0.4,0.4,Jared McCain,PHI,2024-25,Knee (meniscus)
2026-03-21,OKC @ WAS,W,28,18,3,1,0,1,0,After,56,2024-12-13,13.6,1.8,0.6,0.2,0.6,0.4,Jared McCain,PHI,2024-25,Knee (meniscus)
2026-03-23,OKC @ PHI,W,25,13,1,2,0,0,0,After,57,2024-12-13,15.6,1.8,1.0,0.2,0.6,0.2,Jared McCain,PHI,2024-25,Knee (meniscus)
2026-03-25,OKC @ BOS,L,13,6,1,0,0,0,0,After,58,2024-12-13,13.8,2.0,1.0,0.0,0.6,0.2,Jared McCain,PHI,2024-25,Knee (meniscus)
2026-03-27,OKC vs. CHI,W,13,0,1,1,0,0,0,After,59,2024-12-13,12.6,1.8,1.2,0.0,0.6,0.2,Jared McCain,PHI,2024-25,Knee (meniscus)
2026-03-29,OKC vs. NYK,W,11,0,2,0,0,0,1,After,60,2024-12-13,7.4,1.6,0.8,0.0,0.2,0.2,Jared McCain,PHI,2024-25,Knee (meniscus)
2026-03-30,OKC vs. DET,W,14,7,2,0,0,0,1,After,61,2024-12-13,5.2,1.4,0.6,0.0,0.0,0.4,Jared McCain,PHI,2024-25,Knee (meniscus)
2026-04-02,OKC vs. LAL,W,12,8,2,2,1,0,1,After,62,2024-12-13,4.2,1.6,0.6,0.2,0.0,0.6,Jared McCain,PHI,2024-25,Knee (meniscus)
2026-04-05,OKC vs. UTA,W,15,3,1,2,1,0,1,After,63,2024-12-13,3.6,1.6,1.0,0.4,0.0,0.8,Jared McCain,PHI,2024-25,Knee (meniscus)
2026-04-07,OKC @ LAL,W,16,15,2,1,0,0,1,After,64,2024-12-13,6.6,1.8,1.0,0.4,0.0,1.0,Jared McCain,PHI,2024-25,Knee (meniscus)
2026-04-08,OKC @ LAC,W,4,4,0,0,0,0,2,After,65,2024-12-13,7.4,1.4,1.0,0.4,0.0,1.2,Jared McCain,PHI,2024-25,Knee (meniscus)
2026-04-10,OKC @ DEN,L,25,15,1,2,0,0,1,After,66,2024-12-13,9.0,1.2,1.4,0.4,0.0,1.2,Jared McCain,PHI,2024-25,Knee (meniscus)
2026-04-12,OKC vs. PHX,L,25,9,4,2,1,0,1,After,67,2024-12-13,9.2,1.6,1.4,0.4,0.0,1.2,Jared McCain,PHI,2024-25,Knee (meniscus)
2024-10-25,CHA @ ATL,L,18,5,3,2,1,1,0,Before,-68,2025-04-02,5.0,3.0,2.0,1.0,1.0,0.0,Josh Green,CHA,2024-25,Shoulder
2024-10-30,CHA vs. TOR,W,22,9,2,3,0,2,0,Before,-67,2025-04-02,7.0,2.5,2.5,0.5,1.5,0.0,Josh Green,CHA,2024-25,Shoulder
2024-11-01,CHA vs. BOS,L,23,3,1,1,0,0,1,Before,-66,2025-04-02,5.666666666666667,2.0,2.0,0.3333333333333333,1.0,0.3333333333333333,Josh Green,CHA,2024-25,Shoulder
2024-11-02,CHA vs. BOS,L,21,12,0,0,2,0,0,Before,-65,2025-04-02,7.25,1.5,1.5,0.75,0.75,0.25,Josh Green,CHA,2024-25,Shoulder
2024-11-04,CHA @ MIN,L,26,8,0,0,0,0,0,Before,-64,2025-04-02,7.4,1.2,1.2,0.6,0.6,0.2,Josh Green,CHA,2024-25,Shoulder
2024-11-06,CHA vs. DET,W,24,0,2,1,0,0,1,Before,-63,2025-04-02,6.4,1.0,1.0,0.4,0.4,0.4,Josh Green,CHA,2024-25,Shoulder
2024-11-08,CHA vs. IND,W,19,2,1,0,0,1,1,Before,-62,2025-04-02,5.0,0.8,0.4,0.4,0.2,0.6,Josh Green,CHA,2024-25,Shoulder
2024-11-10,CHA @ PHI,L,27,2,2,2,1,0,0,Before,-61,2025-04-02,4.8,1.0,0.6,0.6,0.2,0.4,Josh Green,CHA,2024-25,Shoulder
2024-11-12,CHA @ ORL,L,29,0,3,1,0,0,4,Before,-60,2025-04-02,2.4,1.6,0.8,0.2,0.2,1.2,Josh Green,CHA,2024-25,Shoulder
2024-11-16,CHA vs. MIL,W,29,15,5,5,3,0,0,Before,-59,2025-04-02,3.8,2.6,1.8,0.8,0.2,1.2,Josh Green,CHA,2024-25,Shoulder
2024-11-17,CHA @ CLE,L,29,15,4,2,1,0,0,Before,-58,2025-04-02,6.8,3.0,2.0,1.0,0.2,1.0,Josh Green,CHA,2024-25,Shoulder
2024-11-19,CHA @ BKN,L,26,3,4,1,0,0,3,Before,-57,2025-04-02,7.0,3.6,2.2,1.0,0.0,1.4,Josh Green,CHA,2024-25,Shoulder
2024-11-21,CHA vs. DET,W,31,10,3,5,0,0,1,Before,-56,2025-04-02,8.6,3.8,2.8,0.8,0.0,1.6,Josh Green,CHA,2024-25,Shoulder
2024-11-23,CHA @ MIL,L,31,11,5,0,0,0,0,Before,-55,2025-04-02,10.8,4.2,2.6,0.8,0.0,0.8,Josh Green,CHA,2024-25,Shoulder
2024-11-25,CHA vs. ORL,L,29,2,3,0,0,0,2,Before,-54,2025-04-02,8.2,3.8,1.6,0.2,0.0,1.2,Josh Green,CHA,2024-25,Shoulder
2024-11-27,CHA vs. MIA,L,30,6,2,3,0,1,0,Before,-53,2025-04-02,6.4,3.4,1.8,0.0,0.2,1.2,Josh Green,CHA,2024-25,Shoulder
2024-11-29,CHA vs. NYK,L,29,15,1,3,2,0,0,Before,-52,2025-04-02,8.8,2.8,2.2,0.4,0.2,0.6,Josh Green,CHA,2024-25,Shoulder
2024-11-30,CHA vs. ATL,L,36,17,3,0,3,0,1,Before,-51,2025-04-02,10.2,2.8,1.2,1.0,0.2,0.6,Josh Green,CHA,2024-25,Shoulder
2024-12-03,CHA vs. PHI,L,36,0,4,2,0,0,1,Before,-50,2025-04-02,8.0,2.6,1.6,1.0,0.2,0.8,Josh Green,CHA,2024-25,Shoulder
2024-12-05,CHA @ NYK,L,26,5,4,2,1,0,1,Before,-49,2025-04-02,8.6,2.8,2.0,1.2,0.2,0.6,Josh Green,CHA,2024-25,Shoulder
2024-12-07,CHA vs. CLE,L,39,16,2,3,2,1,0,Before,-48,2025-04-02,10.6,2.8,2.0,1.6,0.2,0.6,Josh Green,CHA,2024-25,Shoulder
2024-12-08,CHA @ IND,W,29,10,4,1,2,1,3,Before,-47,2025-04-02,9.6,3.4,1.6,1.6,0.4,1.2,Josh Green,CHA,2024-25,Shoulder
2024-12-13,CHA @ CHI,L,31,9,2,2,1,1,1,Before,-46,2025-04-02,8.0,3.2,2.0,1.2,0.6,1.2,Josh Green,CHA,2024-25,Shoulder
2024-12-16,CHA vs. PHI,L,30,10,2,0,4,1,1,Before,-45,2025-04-02,10.0,2.8,1.6,2.0,0.8,1.2,Josh Green,CHA,2024-25,Shoulder
2024-12-19,CHA @ WAS,L,24,5,2,2,0,0,1,Before,-44,2025-04-02,10.0,2.4,1.6,1.8,0.8,1.2,Josh Green,CHA,2024-25,Shoulder
2024-12-20,CHA @ PHI,L,33,4,3,0,1,0,3,Before,-43,2025-04-02,7.6,2.6,1.0,1.6,0.6,1.8,Josh Green,CHA,2024-25,Shoulder
2024-12-23,CHA vs. HOU,L,31,3,2,1,0,0,1,Before,-42,2025-04-02,6.2,2.2,1.0,1.2,0.4,1.4,Josh Green,CHA,2024-25,Shoulder
2024-12-26,CHA @ WAS,L,30,3,3,2,1,2,1,Before,-41,2025-04-02,5.0,2.4,1.0,1.2,0.6,1.4,Josh Green,CHA,2024-25,Shoulder
2024-12-28,CHA vs. OKC,L,39,10,2,1,3,0,2,Before,-40,2025-04-02,5.0,2.4,1.2,1.0,0.4,1.6,Josh Green,CHA,2024-25,Shoulder
2024-12-30,CHA vs. CHI,L,38,14,6,1,0,0,2,Before,-39,2025-04-02,6.8,3.2,1.0,1.0,0.4,1.8,Josh Green,CHA,2024-25,Shoulder
2025-01-03,CHA @ DET,L,35,9,4,2,1,0,1,Before,-38,2025-04-02,7.8,3.4,1.4,1.0,0.4,1.4,Josh Green,CHA,2024-25,Shoulder
2025-01-05,CHA @ CLE,L,22,0,1,1,2,0,1,Before,-37,2025-04-02,7.2,3.2,1.4,1.4,0.4,1.4,Josh Green,CHA,2024-25,Shoulder
2025-01-07,CHA vs. PHX,W,13,5,6,0,1,0,0,Before,-36,2025-04-02,7.6,3.8,1.0,1.4,0.0,1.2,Josh Green,CHA,2024-25,Shoulder
2025-01-12,CHA @ PHX,L,30,2,7,0,3,0,1,Before,-35,2025-04-02,6.0,4.8,0.8,1.4,0.0,1.0,Josh Green,CHA,2024-25,Shoulder
2025-01-15,CHA @ UTA,W,22,3,3,1,0,0,0,Before,-34,2025-04-02,3.8,4.2,0.8,1.4,0.0,0.6,Josh Green,CHA,2024-25,Shoulder
2025-01-17,CHA @ CHI,W,30,8,3,2,2,0,0,Before,-33,2025-04-02,3.6,4.0,0.8,1.6,0.0,0.4,Josh Green,CHA,2024-25,Shoulder
2025-01-20,CHA vs. DAL,W,27,4,5,2,2,0,0,Before,-32,2025-04-02,4.4,4.8,1.0,1.6,0.0,0.2,Josh Green,CHA,2024-25,Shoulder
2025-01-22,CHA @ MEM,L,24,8,0,1,2,0,1,Before,-31,2025-04-02,5.0,3.6,1.2,1.8,0.0,0.4,Josh Green,CHA,2024-25,Shoulder
2025-01-24,CHA vs. POR,L,34,14,5,2,1,0,0,Before,-30,2025-04-02,7.4,3.2,1.6,1.4,0.0,0.2,Josh Green,CHA,2024-25,Shoulder
2025-01-25,CHA vs. NOP,W,24,13,2,1,1,0,1,Before,-29,2025-04-02,9.4,3.0,1.6,1.6,0.0,0.4,Josh Green,CHA,2024-25,Shoulder
2025-01-27,CHA vs. LAL,L,33,15,1,1,3,0,2,Before,-28,2025-04-02,10.8,2.6,1.4,1.8,0.0,0.8,Josh Green,CHA,2024-25,Shoulder
2025-01-31,CHA vs. LAC,L,37,10,4,1,0,0,0,Before,-27,2025-04-02,12.0,2.4,1.2,1.4,0.0,0.8,Josh Green,CHA,2024-25,Shoulder
2025-02-01,CHA vs. DEN,L,32,6,1,5,0,0,0,Before,-26,2025-04-02,11.6,2.6,2.0,1.0,0.0,0.6,Josh Green,CHA,2024-25,Shoulder
2025-02-03,CHA vs. WAS,L,37,11,3,1,2,0,1,Before,-25,2025-04-02,11.0,2.2,1.8,1.2,0.0,0.8,Josh Green,CHA,2024-25,Shoulder
2025-02-05,CHA vs. MIL,L,25,5,3,0,0,0,1,Before,-24,2025-04-02,9.4,2.4,1.6,1.0,0.0,0.8,Josh Green,CHA,2024-25,Shoulder
2025-02-10,CHA @ BKN,L,27,5,2,1,2,0,2,Before,-23,2025-04-02,7.4,2.6,1.6,0.8,0.0,0.8,Josh Green,CHA,2024-25,Shoulder
2025-02-12,CHA @ ORL,L,29,16,0,1,1,0,1,Before,-22,2025-04-02,8.6,1.8,1.6,1.0,0.0,1.0,Josh Green,CHA,2024-25,Shoulder
2025-02-19,CHA @ LAL,W,34,4,3,1,2,0,4,Before,-21,2025-04-02,8.2,2.2,0.8,1.4,0.0,1.8,Josh Green,CHA,2024-25,Shoulder
2025-02-20,CHA @ DEN,L,27,19,3,2,1,0,1,Before,-20,2025-04-02,9.8,2.2,1.0,1.2,0.0,1.8,Josh Green,CHA,2024-25,Shoulder
2025-02-22,CHA @ POR,L,23,4,2,2,2,0,2,Before,-19,2025-04-02,9.6,2.0,1.4,1.6,0.0,2.0,Josh Green,CHA,2024-25,Shoulder
2025-02-24,CHA @ SAC,L,25,3,0,1,2,0,2,Before,-18,2025-04-02,9.2,1.6,1.4,1.6,0.0,2.0,Josh Green,CHA,2024-25,Shoulder
2025-02-25,CHA @ GSW,L,25,6,1,3,1,1,0,Before,-17,2025-04-02,7.2,1.8,1.8,1.6,0.2,1.8,Josh Green,CHA,2024-25,Shoulder
2025-02-27,CHA @ DAL,L,36,7,2,2,0,0,0,Before,-16,2025-04-02,7.8,1.6,2.0,1.2,0.2,1.0,Josh Green,CHA,2024-25,Shoulder
2025-03-01,CHA vs. WAS,L,32,13,4,5,3,1,0,Before,-15,2025-04-02,6.6,1.8,2.6,1.6,0.4,0.8,Josh Green,CHA,2024-25,Shoulder
2025-03-03,CHA vs. GSW,L,26,2,1,0,0,0,0,Before,-14,2025-04-02,6.2,1.6,2.2,1.2,0.4,0.4,Josh Green,CHA,2024-25,Shoulder
2025-03-07,CHA vs. CLE,L,30,3,3,1,1,0,2,Before,-13,2025-04-02,6.2,2.2,2.2,1.0,0.4,0.4,Josh Green,CHA,2024-25,Shoulder
2025-03-08,CHA vs. BKN,W,25,0,4,5,0,0,1,Before,-12,2025-04-02,5.0,2.8,2.6,0.8,0.2,0.6,Josh Green,CHA,2024-25,Shoulder
2025-03-10,CHA @ MIA,W,32,3,6,2,1,0,1,Before,-11,2025-04-02,4.2,3.6,2.6,1.0,0.2,0.8,Josh Green,CHA,2024-25,Shoulder
2025-03-12,CHA @ ATL,L,30,2,3,0,2,0,1,Before,-10,2025-04-02,2.0,3.4,1.6,0.8,0.0,1.0,Josh Green,CHA,2024-25,Shoulder
2025-03-14,CHA @ SAS,W,28,20,1,3,4,0,0,Before,-9,2025-04-02,5.6,3.4,2.2,1.6,0.0,1.0,Josh Green,CHA,2024-25,Shoulder
2025-03-16,CHA @ LAC,L,27,8,1,2,1,1,0,Before,-8,2025-04-02,6.6,3.0,2.4,1.6,0.2,0.6,Josh Green,CHA,2024-25,Shoulder
2025-03-18,CHA vs. ATL,L,20,2,2,3,0,0,3,Before,-7,2025-04-02,7.0,2.6,2.0,1.6,0.2,1.0,Josh Green,CHA,2024-25,Shoulder
2025-03-20,CHA vs. NYK,W,21,5,0,1,0,0,1,Before,-6,2025-04-02,7.4,1.4,1.8,1.4,0.2,1.0,Josh Green,CHA,2024-25,Shoulder
2025-03-21,CHA @ OKC,L,25,12,1,2,1,0,3,Before,-5,2025-04-02,9.4,1.0,2.2,1.2,0.2,1.4,Josh Green,CHA,2024-25,Shoulder
2025-03-25,CHA vs. ORL,L,21,13,0,0,1,0,0,Before,-4,2025-04-02,8.0,0.8,1.6,0.6,0.2,1.4,Josh Green,CHA,2024-25,Shoulder
2025-03-28,CHA @ TOR,L,23,5,2,1,1,1,3,Before,-3,2025-04-02,7.4,1.0,1.4,0.6,0.2,2.0,Josh Green,CHA,2024-25,Shoulder
2025-03-31,CHA vs. UTA,W,26,14,2,3,0,0,1,Before,-2,2025-04-02,9.8,1.0,1.4,0.6,0.2,1.6,Josh Green,CHA,2024-25,Shoulder
2025-04-02,CHA @ IND,L,8,3,1,1,0,0,2,Before,-1,2025-04-02,9.4,1.2,1.4,0.6,0.2,1.8,Josh Green,CHA,2024-25,Shoulder
2025-12-12,CHA vs. CHI,L,17,2,0,1,1,0,0,After,1,2025-04-02,2.0,0.0,1.0,1.0,0.0,0.0,Josh Green,CHA,2024-25,Shoulder
2025-12-14,CHA @ CLE,W,15,8,2,0,1,0,0,After,2,2025-04-02,5.0,1.0,0.5,1.0,0.0,0.0,Josh Green,CHA,2024-25,Shoulder
2025-12-18,CHA vs. ATL,W,11,3,3,1,0,0,0,After,3,2025-04-02,4.333333333333333,1.6666666666666667,0.6666666666666666,0.6666666666666666,0.0,0.0,Josh Green,CHA,2024-25,Shoulder
2025-12-20,CHA @ DET,L,14,5,3,2,3,0,2,After,4,2025-04-02,4.5,2.0,1.0,1.25,0.0,0.5,Josh Green,CHA,2024-25,Shoulder
2025-12-22,CHA @ CLE,L,20,10,1,1,2,0,1,After,5,2025-04-02,5.6,1.8,1.0,1.4,0.0,0.6,Josh Green,CHA,2024-25,Shoulder
2025-12-23,CHA vs. WAS,W,11,3,2,2,0,0,0,After,6,2025-04-02,5.8,2.2,1.2,1.2,0.0,0.6,Josh Green,CHA,2024-25,Shoulder
2025-12-26,CHA @ ORL,W,12,6,1,0,0,0,0,After,7,2025-04-02,5.4,2.0,1.2,1.0,0.0,0.6,Josh Green,CHA,2024-25,Shoulder
2025-12-29,CHA vs. MIL,L,23,10,2,1,0,0,0,After,8,2025-04-02,6.8,1.8,1.2,1.0,0.0,0.6,Josh Green,CHA,2024-25,Shoulder
2025-12-31,CHA vs. GSW,L,17,5,2,2,0,0,0,After,9,2025-04-02,6.8,1.6,1.2,0.4,0.0,0.2,Josh Green,CHA,2024-25,Shoulder
2026-01-02,CHA @ MIL,L,13,0,0,0,0,0,0,After,10,2025-04-02,4.8,1.4,1.0,0.0,0.0,0.0,Josh Green,CHA,2024-25,Shoulder
2026-01-03,CHA @ CHI,W,25,3,3,3,1,0,0,After,11,2025-04-02,4.8,1.6,1.2,0.2,0.0,0.0,Josh Green,CHA,2024-25,Shoulder
2026-01-05,CHA @ OKC,W,10,0,1,0,0,0,0,After,12,2025-04-02,3.6,1.6,1.2,0.2,0.0,0.0,Josh Green,CHA,2024-25,Shoulder
2026-01-07,CHA vs. TOR,L,13,3,2,0,0,0,2,After,13,2025-04-02,2.2,1.6,1.0,0.2,0.0,0.4,Josh Green,CHA,2024-25,Shoulder
2026-01-08,CHA vs. IND,L,18,3,0,0,1,0,1,After,14,2025-04-02,1.8,1.2,0.6,0.4,0.0,0.6,Josh Green,CHA,2024-25,Shoulder
2026-01-10,CHA @ UTA,W,25,13,4,2,1,0,0,After,15,2025-04-02,4.4,2.0,1.0,0.6,0.0,0.6,Josh Green,CHA,2024-25,Shoulder
2026-01-12,CHA @ LAC,L,13,3,2,1,0,0,0,After,16,2025-04-02,4.4,1.8,0.6,0.4,0.0,0.6,Josh Green,CHA,2024-25,Shoulder
2026-01-15,CHA @ LAL,W,14,0,3,2,1,1,0,After,17,2025-04-02,4.4,2.2,1.0,0.6,0.2,0.6,Josh Green,CHA,2024-25,Shoulder
2026-01-17,CHA @ GSW,L,15,0,1,1,0,0,2,After,18,2025-04-02,3.8,2.0,1.2,0.6,0.2,0.6,Josh Green,CHA,2024-25,Shoulder
2026-01-18,CHA @ DEN,W,13,3,3,0,0,0,1,After,19,2025-04-02,3.8,2.6,1.2,0.4,0.2,0.6,Josh Green,CHA,2024-25,Shoulder
2026-01-21,CHA vs. CLE,L,19,7,9,2,1,0,1,After,20,2025-04-02,2.6,3.6,1.2,0.4,0.2,0.8,Josh Green,CHA,2024-25,Shoulder
2026-01-22,CHA @ ORL,W,16,6,0,0,1,1,0,After,21,2025-04-02,3.2,3.2,1.0,0.6,0.4,0.8,Josh Green,CHA,2024-25,Shoulder
2026-01-24,CHA vs. WAS,W,15,6,2,0,0,0,1,After,22,2025-04-02,4.4,3.0,0.6,0.4,0.2,1.0,Josh Green,CHA,2024-25,Shoulder
2026-01-26,CHA vs. PHI,W,21,12,2,4,1,0,2,After,23,2025-04-02,6.8,3.2,1.2,0.6,0.2,1.0,Josh Green,CHA,2024-25,Shoulder
2026-01-28,CHA @ MEM,W,16,0,1,0,0,0,2,After,24,2025-04-02,6.2,2.8,1.2,0.6,0.2,1.2,Josh Green,CHA,2024-25,Shoulder
2026-01-29,CHA @ DAL,W,15,2,3,1,0,0,1,After,25,2025-04-02,5.2,1.6,1.0,0.4,0.2,1.2,Josh Green,CHA,2024-25,Shoulder
2026-01-31,CHA vs. SAS,W,11,0,1,2,0,0,0,After,26,2025-04-02,4.0,1.8,1.4,0.2,0.0,1.2,Josh Green,CHA,2024-25,Shoulder
2026-02-02,CHA vs. NOP,W,10,0,0,0,0,0,1,After,27,2025-04-02,2.8,1.4,1.4,0.2,0.0,1.2,Josh Green,CHA,2024-25,Shoulder
2026-02-05,CHA @ HOU,W,23,14,1,2,4,1,1,After,28,2025-04-02,3.2,1.2,1.0,0.8,0.2,1.0,Josh Green,CHA,2024-25,Shoulder
2026-02-07,CHA @ ATL,W,13,8,1,0,0,0,0,After,29,2025-04-02,4.8,1.2,1.0,0.8,0.2,0.6,Josh Green,CHA,2024-25,Shoulder
2026-02-09,CHA vs. DET,L,23,5,5,1,0,0,1,After,30,2025-04-02,5.4,1.6,1.0,0.8,0.2,0.6,Josh Green,CHA,2024-25,Shoulder
2026-02-11,CHA vs. ATL,W,19,3,0,0,0,0,0,After,31,2025-04-02,6.0,1.4,0.6,0.8,0.2,0.6,Josh Green,CHA,2024-25,Shoulder
2026-02-19,CHA vs. HOU,L,14,2,2,0,1,0,1,After,32,2025-04-02,6.4,1.8,0.6,1.0,0.2,0.6,Josh Green,CHA,2024-25,Shoulder
2026-02-20,CHA vs. CLE,L,20,11,2,2,1,1,0,After,33,2025-04-02,5.8,2.0,0.6,0.4,0.2,0.4,Josh Green,CHA,2024-25,Shoulder
2026-02-22,CHA @ WAS,W,23,12,4,1,2,0,0,After,34,2025-04-02,6.6,2.6,0.8,0.8,0.2,0.4,Josh Green,CHA,2024-25,Shoulder
2026-02-24,CHA @ CHI,W,17,11,4,0,0,0,1,After,35,2025-04-02,7.8,2.4,0.6,0.8,0.2,0.4,Josh Green,CHA,2024-25,Shoulder
2026-02-26,CHA @ IND,W,20,0,0,1,1,0,1,After,36,2025-04-02,7.2,2.4,0.8,1.0,0.2,0.6,Josh Green,CHA,2024-25,Shoulder
2026-02-28,CHA vs. POR,W,15,6,3,0,1,0,2,After,37,2025-04-02,8.0,2.6,0.8,1.0,0.2,0.8,Josh Green,CHA,2024-25,Shoulder
2026-03-03,CHA vs. DAL,W,25,11,3,2,0,0,0,After,38,2025-04-02,8.0,2.8,0.8,0.8,0.0,0.8,Josh Green,CHA,2024-25,Shoulder
2026-03-04,CHA @ BOS,W,21,6,3,1,1,0,0,After,39,2025-04-02,6.8,2.6,0.8,0.6,0.0,0.8,Josh Green,CHA,2024-25,Shoulder
2026-03-06,CHA vs. MIA,L,14,2,1,1,0,1,1,After,40,2025-04-02,5.0,2.0,1.0,0.6,0.2,0.8,Josh Green,CHA,2024-25,Shoulder
2026-03-08,CHA @ PHX,L,14,3,0,1,0,0,0,After,41,2025-04-02,5.6,2.0,1.0,0.4,0.2,0.6,Josh Green,CHA,2024-25,Shoulder
2026-03-10,CHA @ POR,W,21,3,3,1,0,0,1,After,42,2025-04-02,5.0,2.0,1.2,0.2,0.2,0.4,Josh Green,CHA,2024-25,Shoulder
2026-03-11,CHA @ SAC,W,11,0,1,1,2,0,1,After,43,2025-04-02,2.8,1.6,1.0,0.6,0.2,0.6,Josh Green,CHA,2024-25,Shoulder
2026-03-14,CHA @ SAS,L,18,6,1,0,0,0,0,After,44,2025-04-02,2.8,1.2,0.8,0.4,0.2,0.6,Josh Green,CHA,2024-25,Shoulder
2026-03-17,CHA vs. MIA,W,14,0,2,0,1,0,1,After,45,2025-04-02,2.4,1.4,0.6,0.6,0.0,0.6,Josh Green,CHA,2024-25,Shoulder
2026-03-19,CHA vs. ORL,W,18,5,3,0,1,0,0,After,46,2025-04-02,2.8,2.0,0.4,0.8,0.0,0.6,Josh Green,CHA,2024-25,Shoulder
2026-03-21,CHA vs. MEM,W,20,5,4,0,1,0,0,After,47,2025-04-02,3.2,2.2,0.2,1.0,0.0,0.4,Josh Green,CHA,2024-25,Shoulder
2026-03-24,CHA vs. SAC,W,17,6,0,1,1,0,1,After,48,2025-04-02,4.4,2.0,0.2,0.8,0.0,0.4,Josh Green,CHA,2024-25,Shoulder
2026-03-26,CHA vs. NYK,W,2,0,0,0,0,0,0,After,49,2025-04-02,3.2,1.8,0.2,0.8,0.0,0.4,Josh Green,CHA,2024-25,Shoulder
2026-03-28,CHA vs. PHI,L,10,2,0,1,1,0,2,After,50,2025-04-02,3.6,1.4,0.4,0.8,0.0,0.6,Josh Green,CHA,2024-25,Shoulder
2026-03-29,CHA vs. BOS,L,18,0,0,1,1,0,1,After,51,2025-04-02,2.6,0.8,0.6,0.8,0.0,0.8,Josh Green,CHA,2024-25,Shoulder
2026-03-31,CHA @ BKN,W,13,3,0,0,1,0,2,After,52,2025-04-02,2.2,0.0,0.6,0.8,0.0,1.2,Josh Green,CHA,2024-25,Shoulder
2026-04-02,CHA vs. PHX,W,7,0,0,0,0,0,1,After,53,2025-04-02,1.0,0.0,0.4,0.6,0.0,1.2,Josh Green,CHA,2024-25,Shoulder
2026-04-03,CHA vs. IND,W,24,6,2,2,1,0,0,After,54,2025-04-02,2.2,0.4,0.8,0.8,0.0,1.2,Josh Green,CHA,2024-25,Shoulder
2026-04-05,CHA @ MIN,W,3,0,0,0,0,0,0,After,55,2025-04-02,1.8,0.4,0.6,0.6,0.0,0.8,Josh Green,CHA,2024-25,Shoulder
2026-04-07,CHA @ BOS,L,7,3,2,0,0,0,0,After,56,2025-04-02,2.4,0.8,0.4,0.4,0.0,0.6,Josh Green,CHA,2024-25,Shoulder
2026-04-10,CHA vs. DET,L,11,0,0,0,0,1,0,After,57,2025-04-02,1.8,0.8,0.4,0.2,0.2,0.2,Josh Green,CHA,2024-25,Shoulder
2026-04-12,CHA @ NYK,W,10,3,2,0,0,0,0,After,58,2025-04-02,2.4,1.2,0.4,0.2,0.2,0.0,Josh Green,CHA,2024-25,Shoulder
2024-10-25,NOP @ POR,W,29,16,11,7,1,3,1,Before,-30,2025-03-19,16.0,11.0,7.0,1.0,3.0,1.0,Zion Williamson,NOP,2024-25,Hamstring
2024-10-27,NOP @ POR,L,28,14,3,4,0,1,3,Before,-29,2025-03-19,15.0,7.0,5.5,0.5,2.0,2.0,Zion Williamson,NOP,2024-25,Hamstring
2024-10-29,NOP @ GSW,L,30,31,8,3,0,1,7,Before,-28,2025-03-19,20.333333333333332,7.333333333333333,4.666666666666667,0.3333333333333333,1.6666666666666667,3.6666666666666665,Zion Williamson,NOP,2024-25,Hamstring
2024-10-30,NOP @ GSW,L,33,12,12,4,0,1,4,Before,-27,2025-03-19,18.25,8.5,4.5,0.25,1.5,3.75,Zion Williamson,NOP,2024-25,Hamstring
2024-11-01,NOP vs. IND,W,37,34,6,10,2,0,3,Before,-26,2025-03-19,21.4,8.0,5.6,0.6,1.2,3.6,Zion Williamson,NOP,2024-25,Hamstring
2024-11-06,NOP vs. CLE,L,29,29,8,4,1,1,4,Before,-25,2025-03-19,24.0,7.4,5.0,0.6,0.8,4.2,Zion Williamson,NOP,2024-25,Hamstring
2025-01-07,NOP vs. MIN,L,28,22,6,4,3,1,4,Before,-24,2025-03-19,25.6,8.0,5.0,1.2,0.8,4.4,Zion Williamson,NOP,2024-25,Hamstring
2025-01-12,NOP @ BOS,L,28,16,7,3,5,0,2,Before,-23,2025-03-19,22.6,7.8,5.0,2.2,0.6,3.4,Zion Williamson,NOP,2024-25,Hamstring
2025-01-14,NOP @ CHI,W,24,21,7,9,0,1,4,Before,-22,2025-03-19,24.4,6.8,6.0,2.2,0.6,3.4,Zion Williamson,NOP,2024-25,Hamstring
2025-01-17,NOP vs. UTA,W,23,24,14,6,0,3,2,Before,-21,2025-03-19,22.4,8.4,5.2,1.8,1.2,3.2,Zion Williamson,NOP,2024-25,Hamstring
2025-01-25,NOP @ CHA,L,26,28,11,2,1,1,4,Before,-20,2025-03-19,22.2,9.0,4.8,1.8,1.2,3.2,Zion Williamson,NOP,2024-25,Hamstring
2025-01-27,NOP @ TOR,L,27,31,7,2,0,3,3,Before,-19,2025-03-19,24.0,9.2,4.4,1.2,1.6,3.0,Zion Williamson,NOP,2024-25,Hamstring
2025-01-29,NOP vs. DAL,L,28,29,6,7,2,0,2,Before,-18,2025-03-19,26.6,9.0,5.2,0.6,1.6,3.0,Zion Williamson,NOP,2024-25,Hamstring
2025-02-03,NOP @ DEN,L,28,14,6,5,1,1,1,Before,-17,2025-03-19,25.2,8.8,4.4,0.8,1.6,2.4,Zion Williamson,NOP,2024-25,Hamstring
2025-02-05,NOP @ DEN,L,27,28,6,4,2,0,3,Before,-16,2025-03-19,26.0,7.2,4.0,1.2,1.0,2.6,Zion Williamson,NOP,2024-25,Hamstring
2025-02-08,NOP @ SAC,L,28,40,4,4,2,0,3,Before,-15,2025-03-19,28.4,5.8,4.4,1.4,0.8,2.4,Zion Williamson,NOP,2024-25,Hamstring
2025-02-10,NOP @ OKC,L,26,17,2,5,1,0,5,Before,-14,2025-03-19,25.6,4.8,5.0,1.6,0.2,2.8,Zion Williamson,NOP,2024-25,Hamstring
2025-02-12,NOP vs. SAC,L,28,33,9,7,2,0,1,Before,-13,2025-03-19,26.4,5.4,5.0,1.6,0.2,2.6,Zion Williamson,NOP,2024-25,Hamstring
2025-02-21,NOP @ DAL,L,27,29,7,3,2,0,3,Before,-12,2025-03-19,29.4,5.6,4.6,1.8,0.0,3.0,Zion Williamson,NOP,2024-25,Hamstring
2025-02-23,NOP vs. SAS,W,28,22,9,3,2,2,1,Before,-11,2025-03-19,28.2,6.2,4.4,1.8,0.4,2.6,Zion Williamson,NOP,2024-25,Hamstring
2025-02-25,NOP vs. SAS,W,29,18,6,3,1,0,6,Before,-10,2025-03-19,23.8,6.6,4.2,1.6,0.4,3.2,Zion Williamson,NOP,2024-25,Hamstring
2025-02-27,NOP @ PHX,W,31,27,10,11,0,2,2,Before,-9,2025-03-19,25.8,8.2,5.4,1.4,0.8,2.6,Zion Williamson,NOP,2024-25,Hamstring
2025-03-02,NOP @ UTA,W,29,24,6,9,2,0,1,Before,-8,2025-03-19,24.0,7.6,5.8,1.4,0.8,2.6,Zion Williamson,NOP,2024-25,Hamstring
2025-03-04,NOP @ LAL,L,26,37,4,6,1,1,0,Before,-7,2025-03-19,25.6,7.0,6.4,1.2,1.0,2.0,Zion Williamson,NOP,2024-25,Hamstring
2025-03-06,NOP vs. HOU,L,32,20,10,3,1,2,4,Before,-6,2025-03-19,25.2,7.2,6.4,1.0,1.0,2.6,Zion Williamson,NOP,2024-25,Hamstring
2025-03-08,NOP @ HOU,L,28,20,2,3,2,0,4,Before,-5,2025-03-19,25.6,6.4,6.4,1.2,1.0,2.2,Zion Williamson,NOP,2024-25,Hamstring
2025-03-11,NOP vs. LAC,W,33,22,10,12,0,1,5,Before,-4,2025-03-19,24.6,6.4,6.6,1.2,0.8,2.8,Zion Williamson,NOP,2024-25,Hamstring
2025-03-13,NOP vs. ORL,L,28,20,8,5,0,0,2,Before,-3,2025-03-19,23.8,6.8,5.8,0.8,0.8,3.0,Zion Williamson,NOP,2024-25,Hamstring
2025-03-17,NOP vs. DET,L,28,30,6,3,0,2,3,Before,-2,2025-03-19,22.4,7.2,5.2,0.6,1.0,3.6,Zion Williamson,NOP,2024-25,Hamstring
2025-03-19,NOP @ MIN,W,30,29,5,8,3,0,3,Before,-1,2025-03-19,24.2,6.2,6.2,1.0,0.6,3.4,Zion Williamson,NOP,2024-25,Hamstring
2025-10-22,NOP @ MEM,L,33,27,9,5,5,0,3,After,1,2025-03-19,27.0,9.0,5.0,5.0,0.0,3.0,Zion Williamson,NOP,2024-25,Hamstring
2025-10-24,NOP vs. SAS,L,37,27,10,7,3,0,4,After,2,2025-03-19,27.0,9.5,6.0,4.0,0.0,3.5,Zion Williamson,NOP,2024-25,Hamstring
2025-10-29,NOP @ DEN,L,26,11,0,2,1,1,3,After,3,2025-03-19,21.666666666666668,6.333333333333333,4.666666666666667,3.0,0.3333333333333333,3.3333333333333335,Zion Williamson,NOP,2024-25,Hamstring
2025-10-31,NOP @ LAC,L,33,29,6,3,0,0,3,After,4,2025-03-19,23.5,6.25,4.25,2.25,0.25,3.25,Zion Williamson,NOP,2024-25,Hamstring
2025-11-02,NOP @ OKC,L,28,20,9,6,1,0,4,After,5,2025-03-19,22.8,6.8,4.6,2.0,0.2,3.4,Zion Williamson,NOP,2024-25,Hamstring
2025-11-19,NOP vs. DEN,L,29,14,6,5,1,1,3,After,6,2025-03-19,20.2,6.2,4.6,1.2,0.4,3.4,Zion Williamson,NOP,2024-25,Hamstring
2025-11-21,NOP @ DAL,L,30,22,3,2,3,0,1,After,7,2025-03-19,19.2,4.8,3.6,1.2,0.4,2.8,Zion Williamson,NOP,2024-25,Hamstring
2025-11-24,NOP vs. CHI,W,30,29,1,2,2,1,2,After,8,2025-03-19,22.8,5.0,3.6,1.4,0.4,2.6,Zion Williamson,NOP,2024-25,Hamstring
2025-11-26,NOP vs. MEM,L,32,17,5,4,0,2,5,After,9,2025-03-19,20.4,4.8,3.8,1.4,0.8,3.0,Zion Williamson,NOP,2024-25,Hamstring
2025-11-29,NOP @ GSW,L,31,25,7,4,0,0,3,After,10,2025-03-19,21.4,4.4,3.4,1.2,0.8,2.8,Zion Williamson,NOP,2024-25,Hamstring
2025-12-14,NOP @ CHI,W,27,18,6,3,0,0,1,After,11,2025-03-19,22.2,4.4,3.0,1.0,0.6,2.4,Zion Williamson,NOP,2024-25,Hamstring
2025-12-18,NOP vs. HOU,W,21,9,3,5,0,1,2,After,12,2025-03-19,19.6,4.4,3.6,0.4,0.8,2.6,Zion Williamson,NOP,2024-25,Hamstring
2025-12-20,NOP vs. IND,W,23,29,7,1,1,0,2,After,13,2025-03-19,19.6,5.6,3.4,0.2,0.6,2.6,Zion Williamson,NOP,2024-25,Hamstring
2025-12-22,NOP vs. DAL,W,25,24,9,3,0,0,1,After,14,2025-03-19,21.0,6.4,3.2,0.2,0.2,1.8,Zion Williamson,NOP,2024-25,Hamstring
2025-12-23,NOP @ CLE,L,21,26,5,1,1,0,3,After,15,2025-03-19,21.2,6.0,2.6,0.4,0.2,1.8,Zion Williamson,NOP,2024-25,Hamstring
2025-12-26,NOP vs. PHX,L,28,20,8,6,0,1,2,After,16,2025-03-19,21.6,6.4,3.2,0.4,0.4,2.0,Zion Williamson,NOP,2024-25,Hamstring
2025-12-27,NOP vs. PHX,L,29,22,4,0,2,1,4,After,17,2025-03-19,24.2,6.6,2.2,0.8,0.4,2.4,Zion Williamson,NOP,2024-25,Hamstring
2025-12-29,NOP vs. NYK,L,29,32,5,2,2,2,2,After,18,2025-03-19,24.8,6.2,2.4,1.0,0.8,2.4,Zion Williamson,NOP,2024-25,Hamstring
2025-12-31,NOP @ CHI,L,29,31,7,3,0,0,1,After,19,2025-03-19,26.2,5.8,2.4,1.0,0.8,2.4,Zion Williamson,NOP,2024-25,Hamstring
2026-01-02,NOP vs. POR,L,31,35,8,2,2,2,0,After,20,2025-03-19,28.0,6.4,2.6,1.2,1.2,1.8,Zion Williamson,NOP,2024-25,Hamstring
2026-01-04,NOP @ MIA,L,26,12,5,2,0,0,2,After,21,2025-03-19,26.4,5.8,1.8,1.2,1.0,1.8,Zion Williamson,NOP,2024-25,Hamstring
2026-01-06,NOP vs. LAL,L,33,15,4,5,1,1,3,After,22,2025-03-19,25.0,5.8,2.8,1.0,1.0,1.6,Zion Williamson,NOP,2024-25,Hamstring
2026-01-07,NOP @ ATL,L,31,22,8,6,1,0,3,After,23,2025-03-19,23.0,6.4,3.6,0.8,0.6,1.8,Zion Williamson,NOP,2024-25,Hamstring
2026-01-09,NOP @ WAS,W,29,31,4,3,2,0,1,After,24,2025-03-19,23.0,5.8,3.6,1.2,0.6,1.8,Zion Williamson,NOP,2024-25,Hamstring
2026-01-11,NOP @ ORL,L,32,22,3,3,2,1,1,After,25,2025-03-19,20.4,4.8,3.8,1.2,0.4,2.0,Zion Williamson,NOP,2024-25,Hamstring
2026-01-13,NOP vs. DEN,L,31,12,7,4,1,0,2,After,26,2025-03-19,20.4,5.2,4.2,1.4,0.4,2.0,Zion Williamson,NOP,2024-25,Hamstring
2026-01-14,NOP vs. BKN,W,30,25,6,2,1,2,4,After,27,2025-03-19,22.4,5.6,3.6,1.4,0.6,2.2,Zion Williamson,NOP,2024-25,Hamstring
2026-01-16,NOP @ IND,L,33,27,6,7,1,0,3,After,28,2025-03-19,23.4,5.2,3.8,1.4,0.6,2.2,Zion Williamson,NOP,2024-25,Hamstring
2026-01-18,NOP @ HOU,L,30,20,6,4,1,1,2,After,29,2025-03-19,21.2,5.6,4.0,1.2,0.8,2.4,Zion Williamson,NOP,2024-25,Hamstring
2026-01-21,NOP vs. DET,L,15,4,4,0,0,0,1,After,30,2025-03-19,17.6,5.8,3.4,0.8,0.6,2.4,Zion Williamson,NOP,2024-25,Hamstring
2026-01-23,NOP @ MEM,W,33,24,11,4,2,1,1,After,31,2025-03-19,20.0,6.6,3.4,1.0,0.8,2.2,Zion Williamson,NOP,2024-25,Hamstring
2026-01-25,NOP @ SAS,W,33,24,10,4,0,1,1,After,32,2025-03-19,19.8,7.4,3.8,0.8,0.6,1.6,Zion Williamson,NOP,2024-25,Hamstring
2026-01-27,NOP @ OKC,L,34,21,11,2,0,1,3,After,33,2025-03-19,18.6,8.4,2.8,0.6,0.8,1.6,Zion Williamson,NOP,2024-25,Hamstring
2026-01-30,NOP vs. MEM,W,33,21,7,4,0,2,2,After,34,2025-03-19,18.8,8.6,2.8,0.4,1.0,1.6,Zion Williamson,NOP,2024-25,Hamstring
2026-01-31,NOP @ PHI,L,30,11,5,2,0,2,2,After,35,2025-03-19,20.2,8.8,3.2,0.4,1.4,1.8,Zion Williamson,NOP,2024-25,Hamstring
2026-02-02,NOP @ CHA,L,31,14,11,4,0,0,1,After,36,2025-03-19,18.2,8.8,3.2,0.0,1.2,1.8,Zion Williamson,NOP,2024-25,Hamstring
2026-02-04,NOP @ MIL,L,38,20,5,8,2,0,2,After,37,2025-03-19,17.4,7.8,4.0,0.4,1.0,2.0,Zion Williamson,NOP,2024-25,Hamstring
2026-02-06,NOP @ MIN,W,32,29,4,1,0,0,3,After,38,2025-03-19,19.0,6.4,3.8,0.4,0.8,2.0,Zion Williamson,NOP,2024-25,Hamstring
2026-02-09,NOP vs. SAC,W,27,18,5,6,1,0,2,After,39,2025-03-19,18.4,6.0,4.2,0.6,0.4,2.0,Zion Williamson,NOP,2024-25,Hamstring
2026-02-11,NOP vs. MIA,L,33,25,4,3,0,0,4,After,40,2025-03-19,21.2,5.8,4.4,0.6,0.0,2.4,Zion Williamson,NOP,2024-25,Hamstring
2026-02-20,NOP vs. MIL,L,30,32,2,2,0,0,0,After,41,2025-03-19,24.8,4.0,4.0,0.6,0.0,2.2,Zion Williamson,NOP,2024-25,Hamstring
2026-02-21,NOP vs. PHI,W,33,21,6,8,3,1,1,After,42,2025-03-19,25.0,4.2,4.0,0.8,0.2,2.0,Zion Williamson,NOP,2024-25,Hamstring
2026-02-24,NOP vs. GSW,W,33,26,6,0,2,1,1,After,43,2025-03-19,24.4,4.6,3.8,1.2,0.4,1.6,Zion Williamson,NOP,2024-25,Hamstring
2026-02-26,NOP @ UTA,W,33,20,4,4,4,1,1,After,44,2025-03-19,24.8,4.4,3.4,1.8,0.6,1.4,Zion Williamson,NOP,2024-25,Hamstring
2026-02-28,NOP @ UTA,W,11,4,1,2,0,0,0,After,45,2025-03-19,20.6,3.8,3.2,1.8,0.6,0.6,Zion Williamson,NOP,2024-25,Hamstring
2026-03-03,NOP @ LAL,L,33,24,4,0,1,0,2,After,46,2025-03-19,19.0,4.2,2.8,2.0,0.6,1.0,Zion Williamson,NOP,2024-25,Hamstring
2026-03-05,NOP @ SAC,W,29,23,9,5,1,0,3,After,47,2025-03-19,19.4,4.8,2.2,1.6,0.4,1.4,Zion Williamson,NOP,2024-25,Hamstring
2026-03-06,NOP @ PHX,L,34,19,10,3,0,0,3,After,48,2025-03-19,18.0,5.6,2.8,1.2,0.2,1.8,Zion Williamson,NOP,2024-25,Hamstring
2026-03-08,NOP vs. WAS,W,23,20,2,1,0,0,0,After,49,2025-03-19,18.0,5.2,2.2,0.4,0.0,1.6,Zion Williamson,NOP,2024-25,Hamstring
2026-03-11,NOP vs. TOR,W,32,19,6,4,1,0,2,After,50,2025-03-19,21.0,6.2,2.6,0.6,0.0,2.0,Zion Williamson,NOP,2024-25,Hamstring
2026-03-13,NOP @ HOU,L,34,21,5,1,0,2,2,After,51,2025-03-19,20.4,6.4,2.8,0.4,0.4,2.0,Zion Williamson,NOP,2024-25,Hamstring
2026-03-16,NOP vs. DAL,W,29,27,4,1,1,0,1,After,52,2025-03-19,21.2,5.4,2.0,0.4,0.4,1.6,Zion Williamson,NOP,2024-25,Hamstring
2026-03-18,NOP vs. LAC,W,28,14,4,3,0,1,2,After,53,2025-03-19,20.2,4.2,2.0,0.4,0.6,1.4,Zion Williamson,NOP,2024-25,Hamstring
2026-03-19,NOP vs. LAC,W,33,15,5,2,3,0,2,After,54,2025-03-19,19.2,4.8,2.2,1.0,0.6,1.8,Zion Williamson,NOP,2024-25,Hamstring
2026-03-21,NOP vs. CLE,L,32,25,6,4,1,0,1,After,55,2025-03-19,20.4,4.8,2.2,1.0,0.6,1.6,Zion Williamson,NOP,2024-25,Hamstring
2026-03-24,NOP @ NYK,L,34,22,4,2,1,1,1,After,56,2025-03-19,20.6,4.6,2.4,1.2,0.4,1.4,Zion Williamson,NOP,2024-25,Hamstring
2026-03-26,NOP @ DET,L,31,21,6,2,2,1,2,After,57,2025-03-19,19.4,5.0,2.6,1.4,0.6,1.6,Zion Williamson,NOP,2024-25,Hamstring
2026-03-27,NOP @ TOR,L,31,22,7,4,0,0,2,After,58,2025-03-19,21.0,5.6,2.8,1.4,0.4,1.6,Zion Williamson,NOP,2024-25,Hamstring
2026-03-29,NOP vs. HOU,L,25,18,4,3,0,0,1,After,59,2025-03-19,21.6,5.4,3.0,0.8,0.4,1.4,Zion Williamson,NOP,2024-25,Hamstring
2026-04-02,NOP @ POR,L,29,15,1,3,0,1,2,After,60,2025-03-19,19.6,4.4,2.8,0.6,0.6,1.6,Zion Williamson,NOP,2024-25,Hamstring
2026-04-03,NOP @ SAC,L,29,13,6,3,1,0,4,After,61,2025-03-19,17.8,4.8,3.0,0.6,0.4,2.2,Zion Williamson,NOP,2024-25,Hamstring
2026-04-05,NOP vs. ORL,L,28,17,7,2,0,1,1,After,62,2025-03-19,17.0,5.0,3.0,0.2,0.4,2.0,Zion Williamson,NOP,2024-25,Hamstring
